id,age,income,children,gender_FEMALE,gender_MALE,region_INNER_CITY,region_RURAL,region_SUBURBAN,region_TOWN,married_NO,married_YES,car_NO,car_YES,savings_acct_NO,savings_acct_YES,current_acct_NO,current_acct_YES,mortgage_NO,mortgage_YES,pep_NO,pep_YES
ID12101,0.61,0.22,0.33,1.00,0.00,1.00,0.00,0.00,0.00,1.00,0.00,1.00,0.00,1.00,0.00,1.00,0.00,1.00,0.00,0.00,1.00
ID12102,0.45,0.43,1.00,0.00,1.00,0.00,0.00,0.00,1.00,0.00,1.00,0.00,1.00,1.00,0.00,0.00,1.00,0.00,1.00,1.00,0.00
ID12103,0.67,0.20,0.00,1.00,0.00,1.00,0.00,0.00,0.00,0.00,1.00,0.00,1.00,0.00,1.00,0.00,1.00,1.00,0.00,1.00,0.00
ID12104,0.10,0.26,1.00,1.00,0.00,0.00,0.00,0.00,1.00,0.00,1.00,1.00,0.00,1.00,0.00,0.00,1.00,1.00,0.00,1.00,0.00
ID12105,0.80,0.78,0.00,1.00,0.00,0.00,1.00,0.00,0.00,0.00,1.00,1.00,0.00,0.00,1.00,1.00,0.00,1.00,0.00,1.00,0.00
ID12106,0.80,0.57,0.67,1.00,0.00,0.00,0.00,0.00,1.00,0.00,1.00,1.00,0.00,0.00,1.00,0.00,1.00,1.00,0.00,0.00,1.00
ID12107,0.08,0.07,0.00,0.00,1.00,0.00,1.00,0.00,0.00,1.00,0.00,1.00,0.00,1.00,0.00,0.00,1.00,1.00,0.00,0.00,1.00
ID12108,0.82,0.34,0.00,0.00,1.00,0.00,0.00,0.00,1.00,0.00,1.00,0.00,1.00,0.00,1.00,0.00,1.00,1.00,0.00,1.00,0.00
ID12109,0.39,0.35,0.67,1.00,0.00,0.00,0.00,1.00,0.00,0.00,1.00,0.00,1.00,1.00,0.00,1.00,0.00,1.00,0.00,1.00,0.00
ID12110,0.73,0.33,0.67,0.00,1.00,0.00,0.00,0.00,1.00,0.00,1.00,0.00,1.00,0.00,1.00,0.00,1.00,1.00,0.00,1.00,0.00
ID12111,0.98,0.94,0.00,1.00,0.00,0.00,0.00,0.00,1.00,0.00,1.00,1.00,0.00,0.00,1.00,0.00,1.00,1.00,0.00,1.00,0.00
ID12112,0.69,0.37,0.00,1.00,0.00,1.00,0.00,0.00,0.00,1.00,0.00,0.00,1.00,0.00,1.00,0.00,1.00,0.00,1.00,1.00,0.00
ID12113,0.53,0.18,0.33,1.00,0.00,0.00,0.00,0.00,1.00,0.00,1.00,1.00,0.00,0.00,1.00,0.00,1.00,0.00,1.00,0.00,1.00
ID12114,0.98,0.86,0.33,1.00,0.00,0.00,0.00,0.00,1.00,0.00,1.00,0.00,1.00,0.00,1.00,0.00,1.00,0.00,1.00,0.00,1.00
ID12115,0.37,0.25,0.00,0.00,1.00,0.00,1.00,0.00,0.00,0.00,1.00,1.00,0.00,0.00,1.00,0.00,1.00,0.00,1.00,1.00,0.00
ID12116,0.41,0.30,0.00,1.00,0.00,1.00,0.00,0.00,0.00,0.00,1.00,0.00,1.00,0.00,1.00,0.00,1.00,0.00,1.00,1.00,0.00
ID12117,0.39,0.22,0.67,1.00,0.00,0.00,0.00,0.00,1.00,0.00,1.00,1.00,0.00,1.00,0.00,1.00,0.00,0.00,1.00,1.00,0.00
ID12118,0.57,0.62,0.00,1.00,0.00,0.00,0.00,1.00,0.00,0.00,1.00,1.00,0.00,0.00,1.00,1.00,0.00,0.00,1.00,1.00,0.00
ID12119,0.90,0.38,0.00,1.00,0.00,1.00,0.00,0.00,0.00,0.00,1.00,1.00,0.00,0.00,1.00,1.00,0.00,1.00,0.00,0.00,1.00
ID12120,0.27,0.30,0.00,0.00,1.00,0.00,0.00,0.00,1.00,0.00,1.00,0.00,1.00,0.00,1.00,0.00,1.00,1.00,0.00,1.00,0.00
ID12121,0.88,0.91,0.67,0.00,1.00,1.00,0.00,0.00,0.00,0.00,1.00,1.00,0.00,0.00,1.00,1.00,0.00,1.00,0.00,0.00,1.00
ID12122,0.65,0.20,0.67,0.00,1.00,0.00,0.00,0.00,1.00,0.00,1.00,1.00,0.00,0.00,1.00,0.00,1.00,1.00,0.00,1.00,0.00
ID12123,0.73,0.58,0.00,0.00,1.00,1.00,0.00,0.00,0.00,0.00,1.00,1.00,0.00,0.00,1.00,0.00,1.00,1.00,0.00,1.00,0.00
ID12124,0.18,0.18,0.00,1.00,0.00,0.00,0.00,0.00,1.00,1.00,0.00,0.00,1.00,0.00,1.00,0.00,1.00,0.00,1.00,1.00,0.00
ID12125,0.08,0.13,0.67,0.00,1.00,1.00,0.00,0.00,0.00,1.00,0.00,0.00,1.00,0.00,1.00,0.00,1.00,1.00,0.00,1.00,0.00
ID12126,0.78,0.62,0.00,0.00,1.00,1.00,0.00,0.00,0.00,0.00,1.00,0.00,1.00,0.00,1.00,0.00,1.00,0.00,1.00,1.00,0.00
ID12127,0.55,0.27,0.00,0.00,1.00,1.00,0.00,0.00,0.00,0.00,1.00,1.00,0.00,0.00,1.00,0.00,1.00,0.00,1.00,1.00,0.00
ID12128,0.43,0.26,0.33,1.00,0.00,0.00,0.00,0.00,1.00,0.00,1.00,1.00,0.00,1.00,0.00,0.00,1.00,1.00,0.00,0.00,1.00
ID12129,0.43,0.42,1.00,1.00,0.00,1.00,0.00,0.00,0.00,1.00,0.00,0.00,1.00,1.00,0.00,0.00,1.00,0.00,1.00,1.00,0.00
ID12130,0.88,0.33,0.33,0.00,1.00,0.00,1.00,0.00,0.00,0.00,1.00,1.00,0.00,1.00,0.00,0.00,1.00,1.00,0.00,0.00,1.00
ID12131,0.88,0.31,0.67,1.00,0.00,0.00,1.00,0.00,0.00,0.00,1.00,1.00,0.00,0.00,1.00,0.00,1.00,1.00,0.00,1.00,0.00
ID12132,0.04,0.19,0.67,1.00,0.00,0.00,0.00,0.00,1.00,0.00,1.00,1.00,0.00,0.00,1.00,1.00,0.00,1.00,0.00,1.00,0.00
ID12133,0.55,0.32,0.33,0.00,1.00,0.00,0.00,1.00,0.00,0.00,1.00,0.00,1.00,0.00,1.00,0.00,1.00,1.00,0.00,0.00,1.00
ID12134,0.31,0.43,1.00,1.00,0.00,1.00,0.00,0.00,0.00,1.00,0.00,0.00,1.00,0.00,1.00,1.00,0.00,1.00,0.00,1.00,0.00
ID12135,0.51,0.56,0.00,0.00,1.00,0.00,0.00,1.00,0.00,1.00,0.00,1.00,0.00,0.00,1.00,0.00,1.00,1.00,0.00,0.00,1.00
ID12136,0.18,0.26,0.67,1.00,0.00,1.00,0.00,0.00,0.00,0.00,1.00,1.00,0.00,0.00,1.00,0.00,1.00,1.00,0.00,1.00,0.00
ID12137,0.02,0.10,1.00,0.00,1.00,0.00,1.00,0.00,0.00,0.00,1.00,0.00,1.00,0.00,1.00,0.00,1.00,1.00,0.00,1.00,0.00
ID12138,0.37,0.14,0.00,1.00,0.00,0.00,1.00,0.00,0.00,1.00,0.00,0.00,1.00,1.00,0.00,0.00,1.00,1.00,0.00,0.00,1.00
ID12139,0.51,0.23,0.00,1.00,0.00,0.00,0.00,0.00,1.00,0.00,1.00,0.00,1.00,0.00,1.00,0.00,1.00,1.00,0.00,1.00,0.00
ID12140,0.98,0.35,0.67,1.00,0.00,0.00,0.00,1.00,0.00,1.00,0.00,1.00,0.00,1.00,0.00,0.00,1.00,1.00,0.00,1.00,0.00
ID12141,0.76,0.37,0.00,0.00,1.00,0.00,0.00,0.00,1.00,0.00,1.00,1.00,0.00,1.00,0.00,0.00,1.00,0.00,1.00,0.00,1.00
ID12142,0.59,0.38,0.00,1.00,0.00,1.00,0.00,0.00,0.00,0.00,1.00,0.00,1.00,1.00,0.00,0.00,1.00,1.00,0.00,1.00,0.00
ID12143,1.00,0.87,0.67,0.00,1.00,0.00,0.00,0.00,1.00,1.00,0.00,0.00,1.00,0.00,1.00,1.00,0.00,1.00,0.00,0.00,1.00
ID12144,0.29,0.39,0.00,1.00,0.00,0.00,0.00,0.00,1.00,0.00,1.00,0.00,1.00,1.00,0.00,0.00,1.00,0.00,1.00,1.00,0.00
ID12145,0.04,0.15,0.67,0.00,1.00,1.00,0.00,0.00,0.00,1.00,0.00,0.00,1.00,0.00,1.00,0.00,1.00,0.00,1.00,1.00,0.00
ID12146,0.94,0.82,0.67,0.00,1.00,1.00,0.00,0.00,0.00,0.00,1.00,1.00,0.00,0.00,1.00,0.00,1.00,0.00,1.00,0.00,1.00
ID12147,0.65,0.14,0.33,1.00,0.00,1.00,0.00,0.00,0.00,1.00,0.00,0.00,1.00,0.00,1.00,0.00,1.00,1.00,0.00,0.00,1.00
ID12148,0.22,0.14,0.67,0.00,1.00,1.00,0.00,0.00,0.00,1.00,0.00,1.00,0.00,0.00,1.00,0.00,1.00,0.00,1.00,0.00,1.00
ID12149,0.69,0.59,0.67,0.00,1.00,1.00,0.00,0.00,0.00,1.00,0.00,0.00,1.00,1.00,0.00,0.00,1.00,1.00,0.00,0.00,1.00
ID12150,0.59,0.22,0.67,1.00,0.00,0.00,1.00,0.00,0.00,0.00,1.00,0.00,1.00,0.00,1.00,1.00,0.00,1.00,0.00,1.00,0.00
ID12151,0.12,0.16,0.67,0.00,1.00,0.00,0.00,0.00,1.00,1.00,0.00,0.00,1.00,0.00,1.00,1.00,0.00,1.00,0.00,1.00,0.00
ID12152,0.37,0.32,0.00,0.00,1.00,0.00,0.00,0.00,1.00,0.00,1.00,1.00,0.00,1.00,0.00,1.00,0.00,1.00,0.00,1.00,0.00
ID12153,0.51,0.19,0.33,0.00,1.00,0.00,0.00,0.00,1.00,0.00,1.00,1.00,0.00,0.00,1.00,0.00,1.00,1.00,0.00,0.00,1.00
ID12154,0.61,0.43,0.33,0.00,1.00,0.00,0.00,1.00,0.00,1.00,0.00,1.00,0.00,0.00,1.00,0.00,1.00,1.00,0.00,0.00,1.00
ID12155,0.92,0.89,0.00,0.00,1.00,0.00,0.00,0.00,1.00,0.00,1.00,1.00,0.00,0.00,1.00,0.00,1.00,0.00,1.00,1.00,0.00
ID12156,0.69,0.74,1.00,1.00,0.00,0.00,1.00,0.00,0.00,1.00,0.00,1.00,0.00,0.00,1.00,1.00,0.00,1.00,0.00,0.00,1.00
ID12157,0.82,0.34,0.00,1.00,0.00,1.00,0.00,0.00,0.00,1.00,0.00,1.00,0.00,1.00,0.00,0.00,1.00,1.00,0.00,0.00,1.00
ID12158,0.20,0.31,0.00,0.00,1.00,1.00,0.00,0.00,0.00,0.00,1.00,1.00,0.00,0.00,1.00,0.00,1.00,1.00,0.00,0.00,1.00
ID12159,0.22,0.17,0.00,1.00,0.00,1.00,0.00,0.00,0.00,0.00,1.00,1.00,0.00,1.00,0.00,0.00,1.00,1.00,0.00,1.00,0.00
ID12160,0.33,0.35,0.33,0.00,1.00,1.00,0.00,0.00,0.00,1.00,0.00,0.00,1.00,0.00,1.00,0.00,1.00,0.00,1.00,0.00,1.00
ID12161,0.49,0.34,0.33,1.00,0.00,1.00,0.00,0.00,0.00,0.00,1.00,1.00,0.00,0.00,1.00,0.00,1.00,0.00,1.00,0.00,1.00
ID12162,0.96,0.54,0.33,1.00,0.00,1.00,0.00,0.00,0.00,1.00,0.00,0.00,1.00,1.00,0.00,0.00,1.00,1.00,0.00,0.00,1.00
ID12163,0.59,0.38,0.67,0.00,1.00,1.00,0.00,0.00,0.00,0.00,1.00,1.00,0.00,0.00,1.00,0.00,1.00,1.00,0.00,1.00,0.00
ID12164,0.04,0.12,0.00,0.00,1.00,1.00,0.00,0.00,0.00,0.00,1.00,1.00,0.00,0.00,1.00,1.00,0.00,1.00,0.00,1.00,0.00
ID12165,0.06,0.00,0.00,0.00,1.00,0.00,0.00,0.00,1.00,1.00,0.00,0.00,1.00,0.00,1.00,0.00,1.00,0.00,1.00,1.00,0.00
ID12166,0.49,0.21,0.00,0.00,1.00,1.00,0.00,0.00,0.00,0.00,1.00,1.00,0.00,0.00,1.00,0.00,1.00,1.00,0.00,1.00,0.00
ID12167,0.02,0.10,0.67,0.00,1.00,0.00,0.00,0.00,1.00,1.00,0.00,1.00,0.00,0.00,1.00,0.00,1.00,1.00,0.00,1.00,0.00
ID12168,0.47,0.51,0.00,1.00,0.00,0.00,0.00,0.00,1.00,1.00,0.00,1.00,0.00,0.00,1.00,0.00,1.00,0.00,1.00,1.00,0.00
ID12169,0.24,0.25,0.67,0.00,1.00,0.00,0.00,0.00,1.00,1.00,0.00,1.00,0.00,0.00,1.00,0.00,1.00,1.00,0.00,1.00,0.00
ID12170,0.27,0.09,0.67,1.00,0.00,0.00,1.00,0.00,0.00,0.00,1.00,1.00,0.00,1.00,0.00,0.00,1.00,1.00,0.00,0.00,1.00
ID12171,0.14,0.16,1.00,0.00,1.00,1.00,0.00,0.00,0.00,0.00,1.00,0.00,1.00,0.00,1.00,0.00,1.00,1.00,0.00,1.00,0.00
ID12172,0.06,0.05,0.00,0.00,1.00,1.00,0.00,0.00,0.00,1.00,0.00,1.00,0.00,1.00,0.00,0.00,1.00,1.00,0.00,0.00,1.00
ID12173,0.37,0.46,1.00,0.00,1.00,1.00,0.00,0.00,0.00,0.00,1.00,0.00,1.00,0.00,1.00,0.00,1.00,0.00,1.00,0.00,1.00
ID12174,0.82,0.31,0.67,1.00,0.00,1.00,0.00,0.00,0.00,0.00,1.00,1.00,0.00,0.00,1.00,1.00,0.00,0.00,1.00,1.00,0.00
ID12175,0.94,0.82,0.67,1.00,0.00,1.00,0.00,0.00,0.00,1.00,0.00,0.00,1.00,0.00,1.00,0.00,1.00,1.00,0.00,0.00,1.00
ID12176,0.84,0.53,0.67,1.00,0.00,0.00,1.00,0.00,0.00,1.00,0.00,0.00,1.00,1.00,0.00,1.00,0.00,1.00,0.00,0.00,1.00
ID12177,0.55,0.38,0.00,1.00,0.00,0.00,0.00,0.00,1.00,1.00,0.00,1.00,0.00,0.00,1.00,0.00,1.00,0.00,1.00,1.00,0.00
ID12178,0.88,0.76,0.33,0.00,1.00,1.00,0.00,0.00,0.00,0.00,1.00,0.00,1.00,0.00,1.00,0.00,1.00,0.00,1.00,0.00,1.00
ID12179,0.24,0.17,0.00,1.00,0.00,1.00,0.00,0.00,0.00,0.00,1.00,0.00,1.00,1.00,0.00,0.00,1.00,1.00,0.00,1.00,0.00
ID12180,0.82,0.51,0.67,1.00,0.00,0.00,0.00,0.00,1.00,0.00,1.00,0.00,1.00,0.00,1.00,1.00,0.00,1.00,0.00,0.00,1.00
ID12181,0.65,0.29,1.00,1.00,0.00,0.00,0.00,0.00,1.00,1.00,0.00,1.00,0.00,0.00,1.00,0.00,1.00,1.00,0.00,0.00,1.00
ID12182,0.24,0.39,1.00,0.00,1.00,1.00,0.00,0.00,0.00,1.00,0.00,1.00,0.00,1.00,0.00,0.00,1.00,1.00,0.00,1.00,0.00
ID12183,0.22,0.13,0.33,1.00,0.00,1.00,0.00,0.00,0.00,0.00,1.00,1.00,0.00,0.00,1.00,0.00,1.00,1.00,0.00,1.00,0.00
ID12184,0.35,0.20,0.33,0.00,1.00,1.00,0.00,0.00,0.00,0.00,1.00,1.00,0.00,0.00,1.00,0.00,1.00,1.00,0.00,0.00,1.00
ID12185,0.90,0.33,0.00,0.00,1.00,1.00,0.00,0.00,0.00,0.00,1.00,1.00,0.00,1.00,0.00,0.00,1.00,0.00,1.00,0.00,1.00
ID12186,0.37,0.46,0.33,0.00,1.00,1.00,0.00,0.00,0.00,0.00,1.00,0.00,1.00,0.00,1.00,0.00,1.00,1.00,0.00,0.00,1.00
ID12187,0.14,0.18,0.00,1.00,0.00,1.00,0.00,0.00,0.00,0.00,1.00,1.00,0.00,0.00,1.00,0.00,1.00,1.00,0.00,1.00,0.00
ID12188,0.98,0.30,0.00,1.00,0.00,0.00,0.00,0.00,1.00,1.00,0.00,0.00,1.00,0.00,1.00,0.00,1.00,0.00,1.00,1.00,0.00
ID12189,0.24,0.19,0.00,0.00,1.00,0.00,0.00,1.00,0.00,0.00,1.00,0.00,1.00,0.00,1.00,1.00,0.00,0.00,1.00,1.00,0.00
ID12190,0.73,0.45,0.67,1.00,0.00,1.00,0.00,0.00,0.00,0.00,1.00,1.00,0.00,1.00,0.00,0.00,1.00,1.00,0.00,0.00,1.00
ID12191,0.39,0.34,0.33,0.00,1.00,0.00,0.00,0.00,1.00,0.00,1.00,0.00,1.00,1.00,0.00,0.00,1.00,0.00,1.00,0.00,1.00
ID12192,0.20,0.35,0.67,1.00,0.00,1.00,0.00,0.00,0.00,1.00,0.00,1.00,0.00,0.00,1.00,0.00,1.00,0.00,1.00,1.00,0.00
ID12193,0.71,0.51,0.00,1.00,0.00,0.00,1.00,0.00,0.00,1.00,0.00,1.00,0.00,1.00,0.00,0.00,1.00,1.00,0.00,0.00,1.00
ID12194,0.88,0.65,0.67,0.00,1.00,1.00,0.00,0.00,0.00,0.00,1.00,0.00,1.00,0.00,1.00,0.00,1.00,1.00,0.00,1.00,0.00
ID12195,0.88,0.62,0.00,1.00,0.00,1.00,0.00,0.00,0.00,0.00,1.00,0.00,1.00,0.00,1.00,1.00,0.00,1.00,0.00,1.00,0.00
ID12196,0.00,0.09,0.00,1.00,0.00,1.00,0.00,0.00,0.00,0.00,1.00,1.00,0.00,0.00,1.00,0.00,1.00,1.00,0.00,1.00,0.00
ID12197,0.08,0.05,0.33,0.00,1.00,1.00,0.00,0.00,0.00,0.00,1.00,1.00,0.00,1.00,0.00,1.00,0.00,0.00,1.00,1.00,0.00
ID12198,0.33,0.44,0.67,0.00,1.00,0.00,0.00,0.00,1.00,0.00,1.00,0.00,1.00,0.00,1.00,0.00,1.00,0.00,1.00,0.00,1.00
ID12199,0.35,0.12,0.67,1.00,0.00,1.00,0.00,0.00,0.00,1.00,0.00,1.00,0.00,0.00,1.00,0.00,1.00,1.00,0.00,1.00,0.00
ID12200,0.00,0.18,0.00,1.00,0.00,0.00,1.00,0.00,0.00,0.00,1.00,0.00,1.00,1.00,0.00,0.00,1.00,1.00,0.00,1.00,0.00
ID12201,0.73,0.37,0.33,0.00,1.00,1.00,0.00,0.00,0.00,0.00,1.00,1.00,0.00,0.00,1.00,0.00,1.00,0.00,1.00,0.00,1.00
ID12202,0.18,0.11,0.67,1.00,0.00,1.00,0.00,0.00,0.00,0.00,1.00,0.00,1.00,0.00,1.00,0.00,1.00,1.00,0.00,1.00,0.00
ID12203,0.49,0.18,0.00,0.00,1.00,1.00,0.00,0.00,0.00,0.00,1.00,0.00,1.00,1.00,0.00,0.00,1.00,0.00,1.00,0.00,1.00
ID12204,0.51,0.48,0.00,0.00,1.00,0.00,0.00,0.00,1.00,1.00,0.00,1.00,0.00,0.00,1.00,0.00,1.00,0.00,1.00,1.00,0.00
ID12205,0.94,0.51,0.33,1.00,0.00,1.00,0.00,0.00,0.00,0.00,1.00,1.00,0.00,0.00,1.00,0.00,1.00,1.00,0.00,0.00,1.00
ID12206,0.51,0.47,1.00,0.00,1.00,0.00,0.00,0.00,1.00,0.00,1.00,0.00,1.00,0.00,1.00,0.00,1.00,1.00,0.00,1.00,0.00
ID12207,0.63,0.72,0.00,0.00,1.00,0.00,1.00,0.00,0.00,0.00,1.00,0.00,1.00,0.00,1.00,1.00,0.00,1.00,0.00,1.00,0.00
ID12208,0.10,0.14,0.00,0.00,1.00,1.00,0.00,0.00,0.00,0.00,1.00,1.00,0.00,1.00,0.00,0.00,1.00,1.00,0.00,1.00,0.00
ID12209,0.10,0.13,0.00,0.00,1.00,1.00,0.00,0.00,0.00,1.00,0.00,1.00,0.00,0.00,1.00,0.00,1.00,1.00,0.00,0.00,1.00
ID12210,0.24,0.33,0.67,1.00,0.00,1.00,0.00,0.00,0.00,0.00,1.00,0.00,1.00,0.00,1.00,0.00,1.00,0.00,1.00,1.00,0.00
ID12211,0.37,0.56,0.67,0.00,1.00,0.00,0.00,0.00,1.00,1.00,0.00,1.00,0.00,0.00,1.00,0.00,1.00,1.00,0.00,0.00,1.00
ID12212,0.33,0.35,1.00,0.00,1.00,1.00,0.00,0.00,0.00,0.00,1.00,0.00,1.00,1.00,0.00,1.00,0.00,0.00,1.00,1.00,0.00
ID12213,0.67,0.55,0.00,1.00,0.00,1.00,0.00,0.00,0.00,0.00,1.00,0.00,1.00,1.00,0.00,0.00,1.00,1.00,0.00,1.00,0.00
ID12214,0.37,0.49,0.67,0.00,1.00,0.00,0.00,0.00,1.00,1.00,0.00,0.00,1.00,0.00,1.00,0.00,1.00,1.00,0.00,0.00,1.00
ID12215,0.78,0.66,0.33,0.00,1.00,1.00,0.00,0.00,0.00,0.00,1.00,0.00,1.00,0.00,1.00,0.00,1.00,1.00,0.00,0.00,1.00
ID12216,0.73,0.74,0.00,1.00,0.00,1.00,0.00,0.00,0.00,0.00,1.00,1.00,0.00,0.00,1.00,0.00,1.00,1.00,0.00,1.00,0.00
ID12217,0.78,0.29,0.67,1.00,0.00,0.00,0.00,0.00,1.00,0.00,1.00,1.00,0.00,0.00,1.00,1.00,0.00,1.00,0.00,1.00,0.00
ID12218,0.16,0.09,1.00,0.00,1.00,1.00,0.00,0.00,0.00,0.00,1.00,1.00,0.00,0.00,1.00,0.00,1.00,0.00,1.00,1.00,0.00
ID12219,0.43,0.21,0.00,0.00,1.00,0.00,0.00,0.00,1.00,1.00,0.00,0.00,1.00,1.00,0.00,1.00,0.00,1.00,0.00,0.00,1.00
ID12220,0.94,0.70,1.00,1.00,0.00,0.00,1.00,0.00,0.00,0.00,1.00,0.00,1.00,0.00,1.00,0.00,1.00,1.00,0.00,0.00,1.00
ID12221,0.57,0.42,0.67,0.00,1.00,0.00,1.00,0.00,0.00,1.00,0.00,1.00,0.00,0.00,1.00,1.00,0.00,0.00,1.00,1.00,0.00
ID12222,0.90,0.86,0.33,1.00,0.00,0.00,1.00,0.00,0.00,0.00,1.00,0.00,1.00,0.00,1.00,0.00,1.00,1.00,0.00,0.00,1.00
ID12223,0.37,0.27,0.33,1.00,0.00,0.00,0.00,0.00,1.00,0.00,1.00,1.00,0.00,0.00,1.00,1.00,0.00,0.00,1.00,0.00,1.00
ID12224,0.35,0.48,0.33,1.00,0.00,0.00,1.00,0.00,0.00,1.00,0.00,1.00,0.00,0.00,1.00,0.00,1.00,1.00,0.00,0.00,1.00
ID12225,0.59,0.69,1.00,0.00,1.00,0.00,1.00,0.00,0.00,1.00,0.00,0.00,1.00,0.00,1.00,1.00,0.00,1.00,0.00,0.00,1.00
ID12226,0.59,0.58,0.67,0.00,1.00,1.00,0.00,0.00,0.00,0.00,1.00,1.00,0.00,1.00,0.00,0.00,1.00,1.00,0.00,0.00,1.00
ID12227,0.39,0.35,0.00,1.00,0.00,0.00,0.00,0.00,1.00,0.00,1.00,0.00,1.00,0.00,1.00,0.00,1.00,1.00,0.00,1.00,0.00
ID12228,0.61,0.65,0.00,1.00,0.00,1.00,0.00,0.00,0.00,0.00,1.00,1.00,0.00,0.00,1.00,0.00,1.00,1.00,0.00,1.00,0.00
ID12229,0.47,0.16,1.00,0.00,1.00,0.00,0.00,0.00,1.00,0.00,1.00,0.00,1.00,0.00,1.00,0.00,1.00,1.00,0.00,1.00,0.00
ID12230,0.18,0.28,0.00,1.00,0.00,0.00,1.00,0.00,0.00,1.00,0.00,0.00,1.00,0.00,1.00,0.00,1.00,1.00,0.00,0.00,1.00
ID12231,0.51,0.31,0.67,0.00,1.00,1.00,0.00,0.00,0.00,1.00,0.00,1.00,0.00,1.00,0.00,0.00,1.00,1.00,0.00,1.00,0.00
ID12232,0.88,0.63,1.00,0.00,1.00,0.00,1.00,0.00,0.00,0.00,1.00,1.00,0.00,0.00,1.00,0.00,1.00,0.00,1.00,1.00,0.00
ID12233,0.69,0.20,0.67,1.00,0.00,0.00,0.00,1.00,0.00,1.00,0.00,0.00,1.00,0.00,1.00,0.00,1.00,1.00,0.00,1.00,0.00
ID12234,0.94,0.54,0.00,1.00,0.00,0.00,0.00,1.00,0.00,0.00,1.00,0.00,1.00,1.00,0.00,0.00,1.00,1.00,0.00,1.00,0.00
ID12235,0.98,0.94,0.67,1.00,0.00,0.00,0.00,0.00,1.00,0.00,1.00,0.00,1.00,0.00,1.00,0.00,1.00,0.00,1.00,0.00,1.00
ID12236,0.71,0.45,0.33,1.00,0.00,0.00,0.00,0.00,1.00,0.00,1.00,0.00,1.00,0.00,1.00,0.00,1.00,1.00,0.00,0.00,1.00
ID12237,0.04,0.16,0.67,1.00,0.00,1.00,0.00,0.00,0.00,0.00,1.00,0.00,1.00,1.00,0.00,0.00,1.00,0.00,1.00,1.00,0.00
ID12238,0.80,0.59,0.00,1.00,0.00,1.00,0.00,0.00,0.00,1.00,0.00,1.00,0.00,0.00,1.00,0.00,1.00,1.00,0.00,0.00,1.00
ID12239,0.96,0.64,0.00,1.00,0.00,0.00,1.00,0.00,0.00,0.00,1.00,1.00,0.00,0.00,1.00,0.00,1.00,1.00,0.00,1.00,0.00
ID12240,0.94,0.86,0.33,1.00,0.00,1.00,0.00,0.00,0.00,1.00,0.00,1.00,0.00,0.00,1.00,0.00,1.00,1.00,0.00,0.00,1.00
ID12241,0.69,0.55,1.00,0.00,1.00,1.00,0.00,0.00,0.00,0.00,1.00,1.00,0.00,0.00,1.00,0.00,1.00,1.00,0.00,1.00,0.00
ID12242,0.59,0.31,0.00,1.00,0.00,1.00,0.00,0.00,0.00,0.00,1.00,1.00,0.00,1.00,0.00,0.00,1.00,1.00,0.00,1.00,0.00
ID12243,0.20,0.21,0.33,1.00,0.00,0.00,0.00,0.00,1.00,0.00,1.00,0.00,1.00,1.00,0.00,1.00,0.00,0.00,1.00,1.00,0.00
ID12244,0.94,0.76,0.00,0.00,1.00,0.00,0.00,0.00,1.00,0.00,1.00,0.00,1.00,0.00,1.00,0.00,1.00,0.00,1.00,1.00,0.00
ID12245,0.14,0.24,0.33,0.00,1.00,1.00,0.00,0.00,0.00,0.00,1.00,1.00,0.00,0.00,1.00,0.00,1.00,1.00,0.00,0.00,1.00
ID12246,0.82,0.79,0.00,0.00,1.00,0.00,0.00,1.00,0.00,0.00,1.00,1.00,0.00,0.00,1.00,1.00,0.00,0.00,1.00,0.00,1.00
ID12247,0.33,0.26,0.67,0.00,1.00,0.00,0.00,0.00,1.00,0.00,1.00,0.00,1.00,1.00,0.00,0.00,1.00,1.00,0.00,1.00,0.00
ID12248,0.04,0.24,0.67,1.00,0.00,1.00,0.00,0.00,0.00,1.00,0.00,1.00,0.00,0.00,1.00,0.00,1.00,1.00,0.00,1.00,0.00
ID12249,0.92,0.36,0.00,0.00,1.00,0.00,1.00,0.00,0.00,0.00,1.00,0.00,1.00,0.00,1.00,1.00,0.00,1.00,0.00,1.00,0.00
ID12250,0.24,0.40,1.00,1.00,0.00,0.00,0.00,1.00,0.00,0.00,1.00,0.00,1.00,0.00,1.00,0.00,1.00,1.00,0.00,1.00,0.00
ID12251,0.71,0.40,0.33,0.00,1.00,0.00,1.00,0.00,0.00,0.00,1.00,0.00,1.00,0.00,1.00,0.00,1.00,1.00,0.00,0.00,1.00
ID12252,0.51,0.54,0.67,0.00,1.00,0.00,0.00,0.00,1.00,1.00,0.00,0.00,1.00,1.00,0.00,0.00,1.00,1.00,0.00,0.00,1.00
ID12253,0.92,0.85,0.67,0.00,1.00,0.00,0.00,0.00,1.00,0.00,1.00,1.00,0.00,0.00,1.00,1.00,0.00,0.00,1.00,0.00,1.00
ID12254,0.31,0.34,0.33,0.00,1.00,1.00,0.00,0.00,0.00,0.00,1.00,1.00,0.00,0.00,1.00,0.00,1.00,0.00,1.00,0.00,1.00
ID12255,0.47,0.32,0.67,0.00,1.00,0.00,1.00,0.00,0.00,1.00,0.00,0.00,1.00,1.00,0.00,1.00,0.00,1.00,0.00,1.00,0.00
ID12256,0.04,0.05,0.67,1.00,0.00,0.00,0.00,1.00,0.00,0.00,1.00,1.00,0.00,0.00,1.00,0.00,1.00,1.00,0.00,0.00,1.00
ID12257,0.65,0.37,0.00,0.00,1.00,0.00,0.00,0.00,1.00,0.00,1.00,0.00,1.00,0.00,1.00,0.00,1.00,1.00,0.00,1.00,0.00
ID12258,0.12,0.27,0.67,0.00,1.00,0.00,1.00,0.00,0.00,0.00,1.00,0.00,1.00,0.00,1.00,0.00,1.00,1.00,0.00,1.00,0.00
ID12259,0.86,0.28,0.00,1.00,0.00,0.00,0.00,0.00,1.00,0.00,1.00,1.00,0.00,1.00,0.00,0.00,1.00,1.00,0.00,0.00,1.00
ID12260,0.53,0.18,0.33,1.00,0.00,0.00,0.00,0.00,1.00,0.00,1.00,1.00,0.00,0.00,1.00,0.00,1.00,1.00,0.00,0.00,1.00
ID12261,0.10,0.24,0.67,0.00,1.00,1.00,0.00,0.00,0.00,0.00,1.00,0.00,1.00,0.00,1.00,0.00,1.00,1.00,0.00,1.00,0.00
ID12262,0.45,0.14,0.00,1.00,0.00,1.00,0.00,0.00,0.00,0.00,1.00,1.00,0.00,1.00,0.00,1.00,0.00,1.00,0.00,1.00,0.00
ID12263,0.63,0.27,1.00,1.00,0.00,0.00,0.00,0.00,1.00,1.00,0.00,1.00,0.00,1.00,0.00,0.00,1.00,1.00,0.00,1.00,0.00
ID12264,0.06,0.04,0.33,1.00,0.00,0.00,0.00,0.00,1.00,1.00,0.00,0.00,1.00,1.00,0.00,0.00,1.00,1.00,0.00,1.00,0.00
ID12265,0.45,0.34,0.00,1.00,0.00,1.00,0.00,0.00,0.00,0.00,1.00,1.00,0.00,1.00,0.00,1.00,0.00,1.00,0.00,1.00,0.00
ID12266,0.16,0.33,0.33,0.00,1.00,0.00,1.00,0.00,0.00,0.00,1.00,1.00,0.00,1.00,0.00,0.00,1.00,0.00,1.00,0.00,1.00
ID12267,0.04,0.08,0.33,0.00,1.00,0.00,0.00,0.00,1.00,1.00,0.00,1.00,0.00,0.00,1.00,0.00,1.00,0.00,1.00,1.00,0.00
ID12268,0.12,0.06,0.33,0.00,1.00,1.00,0.00,0.00,0.00,1.00,0.00,1.00,0.00,1.00,0.00,1.00,0.00,0.00,1.00,1.00,0.00
ID12269,0.39,0.37,0.00,1.00,0.00,0.00,0.00,0.00,1.00,1.00,0.00,0.00,1.00,0.00,1.00,0.00,1.00,1.00,0.00,1.00,0.00
ID12270,0.78,0.50,0.00,0.00,1.00,1.00,0.00,0.00,0.00,0.00,1.00,1.00,0.00,1.00,0.00,0.00,1.00,1.00,0.00,1.00,0.00
ID12271,0.69,0.76,0.00,0.00,1.00,1.00,0.00,0.00,0.00,0.00,1.00,0.00,1.00,0.00,1.00,0.00,1.00,1.00,0.00,1.00,0.00
ID12272,0.08,0.25,0.67,0.00,1.00,1.00,0.00,0.00,0.00,0.00,1.00,1.00,0.00,1.00,0.00,0.00,1.00,1.00,0.00,1.00,0.00
ID12273,0.35,0.33,1.00,0.00,1.00,1.00,0.00,0.00,0.00,0.00,1.00,0.00,1.00,0.00,1.00,0.00,1.00,1.00,0.00,1.00,0.00
ID12274,0.33,0.38,0.33,0.00,1.00,0.00,1.00,0.00,0.00,0.00,1.00,0.00,1.00,0.00,1.00,0.00,1.00,1.00,0.00,0.00,1.00
ID12275,1.00,0.63,0.67,1.00,0.00,0.00,0.00,0.00,1.00,0.00,1.00,1.00,0.00,0.00,1.00,0.00,1.00,1.00,0.00,0.00,1.00
ID12276,0.82,0.88,0.00,1.00,0.00,1.00,0.00,0.00,0.00,1.00,0.00,1.00,0.00,0.00,1.00,0.00,1.00,1.00,0.00,0.00,1.00
ID12277,0.45,0.56,0.00,0.00,1.00,0.00,0.00,0.00,1.00,0.00,1.00,0.00,1.00,0.00,1.00,0.00,1.00,1.00,0.00,1.00,0.00
ID12278,0.47,0.43,0.00,1.00,0.00,1.00,0.00,0.00,0.00,0.00,1.00,0.00,1.00,0.00,1.00,0.00,1.00,0.00,1.00,0.00,1.00
ID12279,0.51,0.18,0.00,0.00,1.00,1.00,0.00,0.00,0.00,0.00,1.00,1.00,0.00,1.00,0.00,1.00,0.00,1.00,0.00,0.00,1.00
ID12280,0.92,0.53,0.67,0.00,1.00,1.00,0.00,0.00,0.00,0.00,1.00,1.00,0.00,1.00,0.00,0.00,1.00,1.00,0.00,0.00,1.00
ID12281,0.08,0.22,0.33,1.00,0.00,1.00,0.00,0.00,0.00,0.00,1.00,1.00,0.00,0.00,1.00,0.00,1.00,0.00,1.00,0.00,1.00
ID12282,0.86,0.89,0.00,0.00,1.00,0.00,1.00,0.00,0.00,1.00,0.00,1.00,0.00,0.00,1.00,0.00,1.00,1.00,0.00,0.00,1.00
ID12283,0.96,0.56,0.00,1.00,0.00,1.00,0.00,0.00,0.00,1.00,0.00,0.00,1.00,0.00,1.00,0.00,1.00,0.00,1.00,1.00,0.00
ID12284,0.61,0.23,0.67,1.00,0.00,1.00,0.00,0.00,0.00,0.00,1.00,0.00,1.00,0.00,1.00,0.00,1.00,0.00,1.00,1.00,0.00
ID12285,0.41,0.42,0.00,1.00,0.00,1.00,0.00,0.00,0.00,1.00,0.00,0.00,1.00,0.00,1.00,1.00,0.00,0.00,1.00,1.00,0.00
ID12286,0.63,0.48,0.33,0.00,1.00,0.00,1.00,0.00,0.00,0.00,1.00,0.00,1.00,0.00,1.00,0.00,1.00,0.00,1.00,0.00,1.00
ID12287,0.04,0.23,0.00,1.00,0.00,1.00,0.00,0.00,0.00,0.00,1.00,1.00,0.00,1.00,0.00,1.00,0.00,0.00,1.00,0.00,1.00
ID12288,0.61,0.51,0.33,1.00,0.00,0.00,0.00,0.00,1.00,0.00,1.00,1.00,0.00,1.00,0.00,0.00,1.00,1.00,0.00,0.00,1.00
ID12289,0.41,0.51,0.67,0.00,1.00,1.00,0.00,0.00,0.00,0.00,1.00,0.00,1.00,1.00,0.00,0.00,1.00,0.00,1.00,1.00,0.00
ID12290,0.47,0.29,0.00,1.00,0.00,1.00,0.00,0.00,0.00,0.00,1.00,1.00,0.00,1.00,0.00,0.00,1.00,1.00,0.00,1.00,0.00
ID12291,1.00,1.00,0.67,1.00,0.00,0.00,0.00,1.00,0.00,0.00,1.00,0.00,1.00,0.00,1.00,0.00,1.00,1.00,0.00,0.00,1.00
ID12292,0.43,0.17,0.33,0.00,1.00,1.00,0.00,0.00,0.00,0.00,1.00,0.00,1.00,0.00,1.00,1.00,0.00,1.00,0.00,1.00,0.00
ID12293,0.94,0.76,1.00,1.00,0.00,0.00,1.00,0.00,0.00,0.00,1.00,1.00,0.00,0.00,1.00,0.00,1.00,1.00,0.00,0.00,1.00
ID12294,0.47,0.19,0.00,0.00,1.00,1.00,0.00,0.00,0.00,0.00,1.00,0.00,1.00,1.00,0.00,0.00,1.00,0.00,1.00,0.00,1.00
ID12295,0.76,0.54,0.67,0.00,1.00,0.00,0.00,1.00,0.00,0.00,1.00,0.00,1.00,1.00,0.00,0.00,1.00,1.00,0.00,0.00,1.00
ID12296,0.69,0.22,0.33,0.00,1.00,1.00,0.00,0.00,0.00,0.00,1.00,1.00,0.00,0.00,1.00,1.00,0.00,0.00,1.00,0.00,1.00
ID12297,0.24,0.24,0.00,1.00,0.00,1.00,0.00,0.00,0.00,1.00,0.00,1.00,0.00,1.00,0.00,0.00,1.00,0.00,1.00,0.00,1.00
ID12298,0.69,0.75,0.67,0.00,1.00,1.00,0.00,0.00,0.00,0.00,1.00,0.00,1.00,0.00,1.00,0.00,1.00,1.00,0.00,0.00,1.00
ID12299,0.16,0.16,0.67,0.00,1.00,1.00,0.00,0.00,0.00,1.00,0.00,1.00,0.00,1.00,0.00,0.00,1.00,0.00,1.00,1.00,0.00
ID12300,0.16,0.27,0.00,1.00,0.00,1.00,0.00,0.00,0.00,0.00,1.00,1.00,0.00,0.00,1.00,0.00,1.00,1.00,0.00,0.00,1.00
ID12301,0.57,0.36,0.33,0.00,1.00,0.00,0.00,0.00,1.00,0.00,1.00,0.00,1.00,0.00,1.00,0.00,1.00,1.00,0.00,0.00,1.00
ID12302,0.57,0.63,0.00,1.00,0.00,0.00,0.00,0.00,1.00,0.00,1.00,1.00,0.00,0.00,1.00,0.00,1.00,0.00,1.00,1.00,0.00
ID12303,0.69,0.21,0.00,0.00,1.00,1.00,0.00,0.00,0.00,0.00,1.00,1.00,0.00,1.00,0.00,0.00,1.00,1.00,0.00,1.00,0.00
ID12304,0.39,0.24,1.00,0.00,1.00,1.00,0.00,0.00,0.00,1.00,0.00,0.00,1.00,1.00,0.00,0.00,1.00,1.00,0.00,1.00,0.00
ID12305,0.08,0.13,0.33,0.00,1.00,1.00,0.00,0.00,0.00,0.00,1.00,1.00,0.00,0.00,1.00,0.00,1.00,0.00,1.00,0.00,1.00
ID12306,0.00,0.16,0.00,0.00,1.00,1.00,0.00,0.00,0.00,1.00,0.00,0.00,1.00,1.00,0.00,0.00,1.00,0.00,1.00,0.00,1.00
ID12307,0.92,0.94,0.00,0.00,1.00,1.00,0.00,0.00,0.00,1.00,0.00,0.00,1.00,0.00,1.00,0.00,1.00,1.00,0.00,0.00,1.00
ID12308,0.14,0.17,0.00,1.00,0.00,1.00,0.00,0.00,0.00,0.00,1.00,1.00,0.00,0.00,1.00,0.00,1.00,0.00,1.00,1.00,0.00
ID12309,1.00,0.60,0.00,0.00,1.00,1.00,0.00,0.00,0.00,0.00,1.00,0.00,1.00,0.00,1.00,0.00,1.00,1.00,0.00,1.00,0.00
ID12310,0.18,0.27,0.00,0.00,1.00,1.00,0.00,0.00,0.00,1.00,0.00,1.00,0.00,0.00,1.00,1.00,0.00,1.00,0.00,0.00,1.00
ID12311,0.88,0.33,0.00,0.00,1.00,1.00,0.00,0.00,0.00,1.00,0.00,0.00,1.00,1.00,0.00,1.00,0.00,1.00,0.00,0.00,1.00
ID12312,0.82,0.48,0.33,0.00,1.00,0.00,0.00,0.00,1.00,0.00,1.00,0.00,1.00,0.00,1.00,0.00,1.00,1.00,0.00,0.00,1.00
ID12313,0.08,0.16,0.00,0.00,1.00,1.00,0.00,0.00,0.00,0.00,1.00,0.00,1.00,0.00,1.00,0.00,1.00,1.00,0.00,0.00,1.00
ID12314,0.20,0.14,0.33,0.00,1.00,0.00,0.00,0.00,1.00,1.00,0.00,1.00,0.00,1.00,0.00,0.00,1.00,1.00,0.00,0.00,1.00
ID12315,0.10,0.08,0.00,0.00,1.00,1.00,0.00,0.00,0.00,0.00,1.00,1.00,0.00,0.00,1.00,0.00,1.00,1.00,0.00,1.00,0.00
ID12316,0.18,0.22,0.00,0.00,1.00,0.00,0.00,1.00,0.00,0.00,1.00,1.00,0.00,0.00,1.00,0.00,1.00,1.00,0.00,1.00,0.00
ID12317,0.18,0.17,0.00,1.00,0.00,0.00,0.00,1.00,0.00,0.00,1.00,0.00,1.00,1.00,0.00,0.00,1.00,1.00,0.00,1.00,0.00
ID12318,0.45,0.46,1.00,1.00,0.00,1.00,0.00,0.00,0.00,0.00,1.00,0.00,1.00,0.00,1.00,0.00,1.00,0.00,1.00,1.00,0.00
ID12319,0.43,0.46,0.00,0.00,1.00,0.00,0.00,0.00,1.00,1.00,0.00,0.00,1.00,0.00,1.00,1.00,0.00,1.00,0.00,0.00,1.00
ID12320,0.35,0.41,0.00,1.00,0.00,1.00,0.00,0.00,0.00,0.00,1.00,0.00,1.00,0.00,1.00,0.00,1.00,1.00,0.00,1.00,0.00
ID12321,0.39,0.37,0.67,1.00,0.00,1.00,0.00,0.00,0.00,1.00,0.00,0.00,1.00,1.00,0.00,1.00,0.00,1.00,0.00,1.00,0.00
ID12322,0.59,0.64,0.67,0.00,1.00,1.00,0.00,0.00,0.00,0.00,1.00,1.00,0.00,0.00,1.00,0.00,1.00,1.00,0.00,0.00,1.00
ID12323,0.49,0.59,0.33,1.00,0.00,1.00,0.00,0.00,0.00,0.00,1.00,1.00,0.00,0.00,1.00,0.00,1.00,1.00,0.00,0.00,1.00
ID12324,1.00,0.66,0.00,1.00,0.00,1.00,0.00,0.00,0.00,0.00,1.00,1.00,0.00,0.00,1.00,0.00,1.00,0.00,1.00,1.00,0.00
ID12325,0.80,0.77,1.00,0.00,1.00,0.00,1.00,0.00,0.00,0.00,1.00,1.00,0.00,0.00,1.00,0.00,1.00,1.00,0.00,0.00,1.00
ID12326,0.59,0.39,0.00,1.00,0.00,0.00,1.00,0.00,0.00,1.00,0.00,0.00,1.00,0.00,1.00,0.00,1.00,1.00,0.00,0.00,1.00
ID12327,1.00,0.78,0.67,0.00,1.00,1.00,0.00,0.00,0.00,0.00,1.00,0.00,1.00,0.00,1.00,0.00,1.00,1.00,0.00,0.00,1.00
ID12328,0.78,0.34,0.00,0.00,1.00,0.00,0.00,0.00,1.00,1.00,0.00,1.00,0.00,0.00,1.00,0.00,1.00,1.00,0.00,0.00,1.00
ID12329,0.39,0.40,0.00,0.00,1.00,0.00,1.00,0.00,0.00,1.00,0.00,0.00,1.00,1.00,0.00,0.00,1.00,0.00,1.00,0.00,1.00
ID12330,0.18,0.13,0.00,0.00,1.00,1.00,0.00,0.00,0.00,1.00,0.00,0.00,1.00,1.00,0.00,1.00,0.00,1.00,0.00,0.00,1.00
ID12331,0.84,0.43,0.00,1.00,0.00,1.00,0.00,0.00,0.00,0.00,1.00,0.00,1.00,1.00,0.00,0.00,1.00,0.00,1.00,0.00,1.00
ID12332,0.27,0.41,0.33,0.00,1.00,1.00,0.00,0.00,0.00,1.00,0.00,1.00,0.00,1.00,0.00,0.00,1.00,0.00,1.00,1.00,0.00
ID12333,0.27,0.16,0.00,0.00,1.00,0.00,0.00,1.00,0.00,0.00,1.00,1.00,0.00,1.00,0.00,0.00,1.00,0.00,1.00,0.00,1.00
ID12334,0.29,0.44,0.00,1.00,0.00,0.00,0.00,0.00,1.00,0.00,1.00,0.00,1.00,0.00,1.00,0.00,1.00,1.00,0.00,1.00,0.00
ID12335,0.80,0.63,1.00,1.00,0.00,0.00,1.00,0.00,0.00,1.00,0.00,1.00,0.00,0.00,1.00,1.00,0.00,1.00,0.00,1.00,0.00
ID12336,0.63,0.20,0.33,1.00,0.00,1.00,0.00,0.00,0.00,1.00,0.00,1.00,0.00,0.00,1.00,0.00,1.00,0.00,1.00,0.00,1.00
ID12337,0.96,0.81,0.67,0.00,1.00,0.00,0.00,0.00,1.00,1.00,0.00,0.00,1.00,0.00,1.00,0.00,1.00,1.00,0.00,0.00,1.00
ID12338,0.08,0.22,0.67,1.00,0.00,1.00,0.00,0.00,0.00,0.00,1.00,1.00,0.00,0.00,1.00,0.00,1.00,0.00,1.00,1.00,0.00
ID12339,0.16,0.22,0.67,1.00,0.00,0.00,1.00,0.00,0.00,0.00,1.00,1.00,0.00,0.00,1.00,1.00,0.00,1.00,0.00,1.00,0.00
ID12340,0.10,0.13,0.00,0.00,1.00,1.00,0.00,0.00,0.00,0.00,1.00,0.00,1.00,0.00,1.00,0.00,1.00,1.00,0.00,1.00,0.00
ID12341,0.16,0.11,0.67,1.00,0.00,0.00,1.00,0.00,0.00,0.00,1.00,0.00,1.00,1.00,0.00,1.00,0.00,1.00,0.00,1.00,0.00
ID12342,0.84,0.88,0.00,1.00,0.00,1.00,0.00,0.00,0.00,1.00,0.00,0.00,1.00,0.00,1.00,0.00,1.00,1.00,0.00,0.00,1.00
ID12343,1.00,0.52,0.33,0.00,1.00,1.00,0.00,0.00,0.00,0.00,1.00,0.00,1.00,0.00,1.00,0.00,1.00,1.00,0.00,0.00,1.00
ID12344,0.33,0.26,0.00,1.00,0.00,1.00,0.00,0.00,0.00,0.00,1.00,0.00,1.00,0.00,1.00,0.00,1.00,1.00,0.00,1.00,0.00
ID12345,0.65,0.39,0.67,0.00,1.00,0.00,1.00,0.00,0.00,0.00,1.00,0.00,1.00,0.00,1.00,1.00,0.00,1.00,0.00,1.00,0.00
ID12346,0.57,0.56,0.00,0.00,1.00,0.00,0.00,1.00,0.00,1.00,0.00,0.00,1.00,0.00,1.00,0.00,1.00,0.00,1.00,1.00,0.00
ID12347,0.10,0.04,1.00,1.00,0.00,1.00,0.00,0.00,0.00,1.00,0.00,0.00,1.00,1.00,0.00,1.00,0.00,1.00,0.00,1.00,0.00
ID12348,0.16,0.28,0.00,0.00,1.00,0.00,1.00,0.00,0.00,0.00,1.00,1.00,0.00,1.00,0.00,0.00,1.00,1.00,0.00,1.00,0.00
ID12349,0.45,0.26,1.00,0.00,1.00,0.00,0.00,0.00,1.00,0.00,1.00,1.00,0.00,0.00,1.00,0.00,1.00,1.00,0.00,1.00,0.00
ID12350,0.37,0.28,1.00,0.00,1.00,0.00,0.00,0.00,1.00,0.00,1.00,0.00,1.00,1.00,0.00,0.00,1.00,1.00,0.00,1.00,0.00
ID12351,0.96,0.91,0.00,0.00,1.00,1.00,0.00,0.00,0.00,1.00,0.00,1.00,0.00,0.00,1.00,0.00,1.00,0.00,1.00,1.00,0.00
ID12352,0.55,0.53,0.33,1.00,0.00,0.00,0.00,0.00,1.00,0.00,1.00,0.00,1.00,0.00,1.00,0.00,1.00,0.00,1.00,0.00,1.00
ID12353,0.10,0.16,0.67,0.00,1.00,1.00,0.00,0.00,0.00,0.00,1.00,1.00,0.00,1.00,0.00,0.00,1.00,0.00,1.00,1.00,0.00
ID12354,0.49,0.22,0.33,1.00,0.00,0.00,0.00,0.00,1.00,0.00,1.00,1.00,0.00,1.00,0.00,1.00,0.00,1.00,0.00,0.00,1.00
ID12355,0.06,0.10,1.00,1.00,0.00,0.00,1.00,0.00,0.00,1.00,0.00,1.00,0.00,0.00,1.00,0.00,1.00,0.00,1.00,1.00,0.00
ID12356,0.90,0.33,0.00,1.00,0.00,1.00,0.00,0.00,0.00,1.00,0.00,0.00,1.00,1.00,0.00,0.00,1.00,1.00,0.00,0.00,1.00
ID12357,0.63,0.36,0.67,1.00,0.00,0.00,0.00,1.00,0.00,1.00,0.00,1.00,0.00,0.00,1.00,0.00,1.00,1.00,0.00,1.00,0.00
ID12358,0.20,0.32,0.67,1.00,0.00,0.00,0.00,0.00,1.00,0.00,1.00,1.00,0.00,1.00,0.00,0.00,1.00,0.00,1.00,1.00,0.00
ID12359,0.41,0.28,1.00,1.00,0.00,0.00,0.00,0.00,1.00,1.00,0.00,1.00,0.00,1.00,0.00,0.00,1.00,0.00,1.00,1.00,0.00
ID12360,0.37,0.12,0.00,0.00,1.00,0.00,0.00,0.00,1.00,1.00,0.00,1.00,0.00,1.00,0.00,1.00,0.00,1.00,0.00,1.00,0.00
ID12361,0.08,0.21,0.00,0.00,1.00,0.00,0.00,1.00,0.00,0.00,1.00,1.00,0.00,0.00,1.00,0.00,1.00,1.00,0.00,1.00,0.00
ID12362,0.45,0.41,0.33,1.00,0.00,0.00,0.00,0.00,1.00,0.00,1.00,1.00,0.00,0.00,1.00,0.00,1.00,0.00,1.00,0.00,1.00
ID12363,0.45,0.29,0.00,1.00,0.00,0.00,0.00,0.00,1.00,0.00,1.00,1.00,0.00,1.00,0.00,0.00,1.00,1.00,0.00,1.00,0.00
ID12364,0.86,0.71,0.00,1.00,0.00,1.00,0.00,0.00,0.00,0.00,1.00,0.00,1.00,0.00,1.00,0.00,1.00,0.00,1.00,1.00,0.00
ID12365,0.10,0.24,0.00,0.00,1.00,1.00,0.00,0.00,0.00,1.00,0.00,0.00,1.00,0.00,1.00,1.00,0.00,1.00,0.00,0.00,1.00
ID12366,0.06,0.22,0.33,0.00,1.00,1.00,0.00,0.00,0.00,0.00,1.00,0.00,1.00,1.00,0.00,1.00,0.00,1.00,0.00,0.00,1.00
ID12367,0.82,0.49,0.00,0.00,1.00,0.00,0.00,0.00,1.00,1.00,0.00,0.00,1.00,0.00,1.00,0.00,1.00,1.00,0.00,0.00,1.00
ID12368,0.61,0.44,0.00,1.00,0.00,0.00,0.00,1.00,0.00,1.00,0.00,1.00,0.00,0.00,1.00,0.00,1.00,1.00,0.00,0.00,1.00
ID12369,0.92,0.51,0.00,1.00,0.00,0.00,0.00,0.00,1.00,0.00,1.00,0.00,1.00,1.00,0.00,0.00,1.00,1.00,0.00,1.00,0.00
ID12370,0.04,0.20,1.00,0.00,1.00,0.00,0.00,0.00,1.00,1.00,0.00,0.00,1.00,1.00,0.00,0.00,1.00,0.00,1.00,1.00,0.00
ID12371,1.00,0.96,0.67,1.00,0.00,0.00,0.00,1.00,0.00,1.00,0.00,1.00,0.00,0.00,1.00,0.00,1.00,0.00,1.00,0.00,1.00
ID12372,0.90,0.88,0.00,1.00,0.00,1.00,0.00,0.00,0.00,1.00,0.00,0.00,1.00,0.00,1.00,0.00,1.00,1.00,0.00,0.00,1.00
ID12373,0.37,0.14,0.00,0.00,1.00,0.00,0.00,0.00,1.00,0.00,1.00,1.00,0.00,0.00,1.00,0.00,1.00,1.00,0.00,1.00,0.00
ID12374,0.27,0.40,0.33,0.00,1.00,1.00,0.00,0.00,0.00,0.00,1.00,0.00,1.00,1.00,0.00,0.00,1.00,1.00,0.00,0.00,1.00
ID12375,0.49,0.38,0.00,1.00,0.00,1.00,0.00,0.00,0.00,0.00,1.00,0.00,1.00,0.00,1.00,0.00,1.00,1.00,0.00,1.00,0.00
ID12376,0.00,0.07,0.00,0.00,1.00,0.00,1.00,0.00,0.00,0.00,1.00,0.00,1.00,1.00,0.00,0.00,1.00,0.00,1.00,0.00,1.00
ID12377,0.57,0.41,0.33,1.00,0.00,0.00,0.00,1.00,0.00,1.00,0.00,1.00,0.00,0.00,1.00,0.00,1.00,0.00,1.00,0.00,1.00
ID12378,0.14,0.30,0.33,0.00,1.00,0.00,0.00,0.00,1.00,0.00,1.00,0.00,1.00,0.00,1.00,0.00,1.00,1.00,0.00,0.00,1.00
ID12379,0.96,0.33,0.00,1.00,0.00,0.00,1.00,0.00,0.00,1.00,0.00,1.00,0.00,0.00,1.00,1.00,0.00,0.00,1.00,1.00,0.00
ID12380,0.45,0.55,0.33,0.00,1.00,0.00,0.00,0.00,1.00,0.00,1.00,1.00,0.00,1.00,0.00,0.00,1.00,0.00,1.00,0.00,1.00
ID12381,0.29,0.30,0.33,0.00,1.00,1.00,0.00,0.00,0.00,0.00,1.00,1.00,0.00,1.00,0.00,1.00,0.00,1.00,0.00,0.00,1.00
ID12382,0.00,0.18,0.00,1.00,0.00,1.00,0.00,0.00,0.00,0.00,1.00,1.00,0.00,0.00,1.00,0.00,1.00,1.00,0.00,1.00,0.00
ID12383,0.94,0.85,0.33,0.00,1.00,1.00,0.00,0.00,0.00,0.00,1.00,0.00,1.00,0.00,1.00,1.00,0.00,1.00,0.00,0.00,1.00
ID12384,0.51,0.59,1.00,1.00,0.00,1.00,0.00,0.00,0.00,0.00,1.00,1.00,0.00,0.00,1.00,0.00,1.00,0.00,1.00,1.00,0.00
ID12385,0.08,0.15,1.00,1.00,0.00,1.00,0.00,0.00,0.00,0.00,1.00,1.00,0.00,0.00,1.00,0.00,1.00,1.00,0.00,1.00,0.00
ID12386,0.14,0.08,0.00,0.00,1.00,0.00,0.00,0.00,1.00,0.00,1.00,1.00,0.00,1.00,0.00,1.00,0.00,1.00,0.00,1.00,0.00
ID12387,0.43,0.34,0.33,0.00,1.00,1.00,0.00,0.00,0.00,0.00,1.00,0.00,1.00,0.00,1.00,0.00,1.00,0.00,1.00,0.00,1.00
ID12388,0.82,0.40,1.00,1.00,0.00,1.00,0.00,0.00,0.00,0.00,1.00,1.00,0.00,1.00,0.00,0.00,1.00,1.00,0.00,1.00,0.00
ID12389,0.31,0.16,0.33,0.00,1.00,1.00,0.00,0.00,0.00,0.00,1.00,1.00,0.00,0.00,1.00,1.00,0.00,1.00,0.00,1.00,0.00
ID12390,0.69,0.55,0.33,1.00,0.00,0.00,1.00,0.00,0.00,0.00,1.00,0.00,1.00,0.00,1.00,0.00,1.00,1.00,0.00,0.00,1.00
ID12391,0.10,0.15,0.00,0.00,1.00,1.00,0.00,0.00,0.00,1.00,0.00,1.00,0.00,0.00,1.00,0.00,1.00,1.00,0.00,0.00,1.00
ID12392,0.53,0.59,0.00,1.00,0.00,1.00,0.00,0.00,0.00,1.00,0.00,0.00,1.00,0.00,1.00,1.00,0.00,1.00,0.00,0.00,1.00
ID12393,0.67,0.71,0.67,0.00,1.00,0.00,1.00,0.00,0.00,0.00,1.00,0.00,1.00,0.00,1.00,0.00,1.00,0.00,1.00,0.00,1.00
ID12394,0.16,0.27,0.00,1.00,0.00,0.00,0.00,0.00,1.00,0.00,1.00,1.00,0.00,0.00,1.00,0.00,1.00,1.00,0.00,1.00,0.00
ID12395,0.49,0.30,0.00,0.00,1.00,0.00,0.00,0.00,1.00,0.00,1.00,1.00,0.00,0.00,1.00,1.00,0.00,0.00,1.00,1.00,0.00
ID12396,0.33,0.47,0.00,0.00,1.00,0.00,0.00,0.00,1.00,0.00,1.00,0.00,1.00,0.00,1.00,0.00,1.00,0.00,1.00,1.00,0.00
ID12397,0.73,0.34,0.67,1.00,0.00,0.00,1.00,0.00,0.00,1.00,0.00,0.00,1.00,0.00,1.00,0.00,1.00,0.00,1.00,1.00,0.00
ID12398,0.00,0.06,0.67,0.00,1.00,0.00,1.00,0.00,0.00,0.00,1.00,1.00,0.00,1.00,0.00,1.00,0.00,1.00,0.00,1.00,0.00
ID12399,0.59,0.21,0.67,1.00,0.00,1.00,0.00,0.00,0.00,1.00,0.00,0.00,1.00,1.00,0.00,0.00,1.00,1.00,0.00,1.00,0.00
ID12400,0.12,0.15,0.00,1.00,0.00,1.00,0.00,0.00,0.00,0.00,1.00,1.00,0.00,0.00,1.00,0.00,1.00,1.00,0.00,1.00,0.00
ID12401,0.02,0.05,0.33,1.00,0.00,1.00,0.00,0.00,0.00,0.00,1.00,0.00,1.00,0.00,1.00,0.00,1.00,0.00,1.00,1.00,0.00
ID12402,0.39,0.18,0.00,1.00,0.00,0.00,0.00,0.00,1.00,0.00,1.00,1.00,0.00,0.00,1.00,1.00,0.00,1.00,0.00,1.00,0.00
ID12403,0.55,0.42,0.00,1.00,0.00,0.00,0.00,0.00,1.00,0.00,1.00,1.00,0.00,0.00,1.00,1.00,0.00,1.00,0.00,1.00,0.00
ID12404,0.63,0.63,1.00,0.00,1.00,0.00,1.00,0.00,0.00,0.00,1.00,1.00,0.00,0.00,1.00,0.00,1.00,0.00,1.00,1.00,0.00
ID12405,1.00,0.90,1.00,1.00,0.00,0.00,1.00,0.00,0.00,1.00,0.00,1.00,0.00,0.00,1.00,0.00,1.00,1.00,0.00,0.00,1.00
ID12406,0.35,0.11,0.00,1.00,0.00,0.00,1.00,0.00,0.00,0.00,1.00,1.00,0.00,1.00,0.00,0.00,1.00,1.00,0.00,1.00,0.00
ID12407,0.92,0.81,0.67,0.00,1.00,1.00,0.00,0.00,0.00,1.00,0.00,0.00,1.00,0.00,1.00,0.00,1.00,1.00,0.00,0.00,1.00
ID12408,0.41,0.37,0.00,0.00,1.00,0.00,1.00,0.00,0.00,1.00,0.00,0.00,1.00,0.00,1.00,0.00,1.00,1.00,0.00,0.00,1.00
ID12409,0.61,0.36,0.67,0.00,1.00,0.00,0.00,0.00,1.00,1.00,0.00,0.00,1.00,0.00,1.00,0.00,1.00,1.00,0.00,1.00,0.00
ID12410,0.20,0.12,0.33,1.00,0.00,1.00,0.00,0.00,0.00,1.00,0.00,1.00,0.00,0.00,1.00,0.00,1.00,1.00,0.00,1.00,0.00
ID12411,0.57,0.44,0.00,0.00,1.00,0.00,0.00,0.00,1.00,0.00,1.00,1.00,0.00,0.00,1.00,0.00,1.00,1.00,0.00,1.00,0.00
ID12412,0.98,0.54,0.33,0.00,1.00,1.00,0.00,0.00,0.00,1.00,0.00,1.00,0.00,0.00,1.00,0.00,1.00,1.00,0.00,0.00,1.00
ID12413,0.88,0.44,0.67,1.00,0.00,0.00,0.00,0.00,1.00,1.00,0.00,0.00,1.00,1.00,0.00,0.00,1.00,1.00,0.00,0.00,1.00
ID12414,0.00,0.19,0.67,1.00,0.00,0.00,1.00,0.00,0.00,1.00,0.00,0.00,1.00,0.00,1.00,0.00,1.00,1.00,0.00,1.00,0.00
ID12415,0.73,0.22,0.00,1.00,0.00,0.00,0.00,0.00,1.00,0.00,1.00,0.00,1.00,0.00,1.00,1.00,0.00,1.00,0.00,1.00,0.00
ID12416,0.55,0.65,0.00,0.00,1.00,0.00,1.00,0.00,0.00,1.00,0.00,0.00,1.00,0.00,1.00,0.00,1.00,0.00,1.00,1.00,0.00
ID12417,0.86,0.29,0.67,0.00,1.00,1.00,0.00,0.00,0.00,1.00,0.00,0.00,1.00,0.00,1.00,0.00,1.00,1.00,0.00,1.00,0.00
ID12418,0.55,0.56,0.33,1.00,0.00,0.00,0.00,0.00,1.00,1.00,0.00,1.00,0.00,0.00,1.00,0.00,1.00,0.00,1.00,0.00,1.00
ID12419,0.27,0.31,0.67,1.00,0.00,1.00,0.00,0.00,0.00,1.00,0.00,1.00,0.00,0.00,1.00,1.00,0.00,1.00,0.00,1.00,0.00
ID12420,0.43,0.29,0.00,0.00,1.00,0.00,0.00,1.00,0.00,1.00,0.00,0.00,1.00,0.00,1.00,0.00,1.00,0.00,1.00,1.00,0.00
ID12421,0.71,0.57,0.67,0.00,1.00,1.00,0.00,0.00,0.00,1.00,0.00,0.00,1.00,0.00,1.00,0.00,1.00,1.00,0.00,0.00,1.00
ID12422,0.35,0.31,0.00,0.00,1.00,0.00,1.00,0.00,0.00,0.00,1.00,0.00,1.00,1.00,0.00,1.00,0.00,0.00,1.00,0.00,1.00
ID12423,0.14,0.10,0.33,1.00,0.00,0.00,0.00,0.00,1.00,0.00,1.00,0.00,1.00,0.00,1.00,1.00,0.00,0.00,1.00,1.00,0.00
ID12424,0.29,0.33,0.00,0.00,1.00,0.00,0.00,0.00,1.00,1.00,0.00,1.00,0.00,0.00,1.00,0.00,1.00,1.00,0.00,0.00,1.00
ID12425,0.37,0.40,0.00,0.00,1.00,0.00,0.00,1.00,0.00,0.00,1.00,1.00,0.00,0.00,1.00,0.00,1.00,1.00,0.00,1.00,0.00
ID12426,0.12,0.08,0.00,1.00,0.00,0.00,0.00,0.00,1.00,1.00,0.00,1.00,0.00,1.00,0.00,0.00,1.00,1.00,0.00,0.00,1.00
ID12427,0.43,0.51,0.33,0.00,1.00,1.00,0.00,0.00,0.00,0.00,1.00,1.00,0.00,0.00,1.00,1.00,0.00,0.00,1.00,0.00,1.00
ID12428,0.12,0.28,0.00,0.00,1.00,1.00,0.00,0.00,0.00,0.00,1.00,1.00,0.00,1.00,0.00,0.00,1.00,0.00,1.00,0.00,1.00
ID12429,0.80,0.79,0.33,1.00,0.00,0.00,1.00,0.00,0.00,1.00,0.00,1.00,0.00,0.00,1.00,1.00,0.00,0.00,1.00,0.00,1.00
ID12430,0.18,0.23,1.00,1.00,0.00,0.00,0.00,0.00,1.00,0.00,1.00,1.00,0.00,1.00,0.00,0.00,1.00,1.00,0.00,1.00,0.00
ID12431,0.98,0.82,1.00,1.00,0.00,0.00,1.00,0.00,0.00,0.00,1.00,0.00,1.00,0.00,1.00,0.00,1.00,1.00,0.00,0.00,1.00
ID12432,0.00,0.11,0.67,1.00,0.00,1.00,0.00,0.00,0.00,0.00,1.00,1.00,0.00,0.00,1.00,0.00,1.00,0.00,1.00,1.00,0.00
ID12433,0.31,0.42,0.00,1.00,0.00,0.00,0.00,0.00,1.00,0.00,1.00,1.00,0.00,0.00,1.00,1.00,0.00,1.00,0.00,1.00,0.00
ID12434,0.61,0.22,0.67,0.00,1.00,0.00,0.00,1.00,0.00,0.00,1.00,1.00,0.00,0.00,1.00,0.00,1.00,1.00,0.00,1.00,0.00
ID12435,0.10,0.28,0.33,1.00,0.00,0.00,0.00,1.00,0.00,0.00,1.00,1.00,0.00,1.00,0.00,0.00,1.00,1.00,0.00,0.00,1.00
ID12436,0.53,0.37,0.33,0.00,1.00,0.00,0.00,0.00,1.00,0.00,1.00,1.00,0.00,0.00,1.00,1.00,0.00,0.00,1.00,0.00,1.00
ID12437,0.43,0.38,0.67,0.00,1.00,1.00,0.00,0.00,0.00,0.00,1.00,1.00,0.00,1.00,0.00,1.00,0.00,0.00,1.00,1.00,0.00
ID12438,0.96,0.57,0.33,0.00,1.00,1.00,0.00,0.00,0.00,0.00,1.00,0.00,1.00,0.00,1.00,1.00,0.00,0.00,1.00,1.00,0.00
ID12439,0.86,0.56,0.67,0.00,1.00,0.00,0.00,1.00,0.00,0.00,1.00,0.00,1.00,0.00,1.00,0.00,1.00,0.00,1.00,0.00,1.00
ID12440,0.04,0.23,0.00,0.00,1.00,1.00,0.00,0.00,0.00,0.00,1.00,1.00,0.00,1.00,0.00,0.00,1.00,0.00,1.00,0.00,1.00
ID12441,0.55,0.41,0.00,1.00,0.00,0.00,0.00,1.00,0.00,0.00,1.00,1.00,0.00,0.00,1.00,0.00,1.00,1.00,0.00,1.00,0.00
ID12442,0.98,0.75,0.33,0.00,1.00,0.00,1.00,0.00,0.00,0.00,1.00,0.00,1.00,0.00,1.00,1.00,0.00,1.00,0.00,0.00,1.00
ID12443,0.94,0.83,0.00,0.00,1.00,1.00,0.00,0.00,0.00,0.00,1.00,0.00,1.00,0.00,1.00,0.00,1.00,1.00,0.00,1.00,0.00
ID12444,0.67,0.25,0.00,1.00,0.00,1.00,0.00,0.00,0.00,0.00,1.00,1.00,0.00,0.00,1.00,0.00,1.00,1.00,0.00,1.00,0.00
ID12445,0.33,0.32,0.67,0.00,1.00,0.00,1.00,0.00,0.00,0.00,1.00,0.00,1.00,0.00,1.00,0.00,1.00,1.00,0.00,1.00,0.00
ID12446,0.96,0.64,0.33,1.00,0.00,0.00,0.00,0.00,1.00,0.00,1.00,1.00,0.00,0.00,1.00,0.00,1.00,1.00,0.00,0.00,1.00
ID12447,0.65,0.60,0.00,0.00,1.00,0.00,1.00,0.00,0.00,0.00,1.00,0.00,1.00,0.00,1.00,1.00,0.00,0.00,1.00,1.00,0.00
ID12448,0.98,0.69,0.00,1.00,0.00,1.00,0.00,0.00,0.00,0.00,1.00,1.00,0.00,0.00,1.00,1.00,0.00,1.00,0.00,1.00,0.00
ID12449,0.92,0.57,0.00,0.00,1.00,1.00,0.00,0.00,0.00,0.00,1.00,1.00,0.00,0.00,1.00,1.00,0.00,0.00,1.00,1.00,0.00
ID12450,0.71,0.33,0.33,1.00,0.00,1.00,0.00,0.00,0.00,1.00,0.00,1.00,0.00,1.00,0.00,0.00,1.00,1.00,0.00,0.00,1.00
ID12451,0.31,0.45,0.00,1.00,0.00,1.00,0.00,0.00,0.00,1.00,0.00,0.00,1.00,1.00,0.00,0.00,1.00,0.00,1.00,0.00,1.00
ID12452,0.41,0.33,0.00,0.00,1.00,0.00,0.00,0.00,1.00,0.00,1.00,1.00,0.00,0.00,1.00,0.00,1.00,0.00,1.00,1.00,0.00
ID12453,0.78,0.34,0.33,1.00,0.00,0.00,1.00,0.00,0.00,1.00,0.00,1.00,0.00,0.00,1.00,0.00,1.00,0.00,1.00,1.00,0.00
ID12454,0.61,0.65,0.33,0.00,1.00,0.00,0.00,0.00,1.00,1.00,0.00,0.00,1.00,0.00,1.00,0.00,1.00,1.00,0.00,0.00,1.00
ID12455,0.63,0.43,0.00,1.00,0.00,0.00,0.00,1.00,0.00,0.00,1.00,0.00,1.00,1.00,0.00,0.00,1.00,0.00,1.00,0.00,1.00
ID12456,0.73,0.78,0.67,1.00,0.00,0.00,1.00,0.00,0.00,0.00,1.00,1.00,0.00,0.00,1.00,0.00,1.00,0.00,1.00,0.00,1.00
ID12457,0.47,0.31,0.00,1.00,0.00,0.00,0.00,1.00,0.00,0.00,1.00,1.00,0.00,1.00,0.00,0.00,1.00,1.00,0.00,1.00,0.00
ID12458,0.02,0.08,0.00,0.00,1.00,0.00,1.00,0.00,0.00,1.00,0.00,1.00,0.00,0.00,1.00,0.00,1.00,1.00,0.00,0.00,1.00
ID12459,0.69,0.50,1.00,1.00,0.00,1.00,0.00,0.00,0.00,1.00,0.00,0.00,1.00,1.00,0.00,0.00,1.00,1.00,0.00,1.00,0.00
ID12460,0.69,0.31,0.33,1.00,0.00,1.00,0.00,0.00,0.00,0.00,1.00,0.00,1.00,0.00,1.00,1.00,0.00,1.00,0.00,0.00,1.00
ID12461,0.94,0.80,0.67,1.00,0.00,0.00,0.00,0.00,1.00,1.00,0.00,0.00,1.00,0.00,1.00,0.00,1.00,1.00,0.00,0.00,1.00
ID12462,0.78,0.26,1.00,0.00,1.00,0.00,0.00,0.00,1.00,0.00,1.00,1.00,0.00,0.00,1.00,0.00,1.00,0.00,1.00,1.00,0.00
ID12463,0.78,0.42,0.67,0.00,1.00,0.00,0.00,0.00,1.00,0.00,1.00,1.00,0.00,1.00,0.00,0.00,1.00,1.00,0.00,1.00,0.00
ID12464,0.02,0.13,0.00,1.00,0.00,0.00,0.00,0.00,1.00,0.00,1.00,1.00,0.00,0.00,1.00,0.00,1.00,1.00,0.00,1.00,0.00
ID12465,0.78,0.80,0.33,1.00,0.00,0.00,0.00,0.00,1.00,0.00,1.00,0.00,1.00,0.00,1.00,1.00,0.00,1.00,0.00,0.00,1.00
ID12466,0.18,0.21,0.67,0.00,1.00,1.00,0.00,0.00,0.00,0.00,1.00,0.00,1.00,0.00,1.00,1.00,0.00,1.00,0.00,0.00,1.00
ID12467,0.84,0.43,0.33,1.00,0.00,1.00,0.00,0.00,0.00,1.00,0.00,0.00,1.00,1.00,0.00,0.00,1.00,1.00,0.00,0.00,1.00
ID12468,0.78,0.74,0.00,0.00,1.00,1.00,0.00,0.00,0.00,0.00,1.00,0.00,1.00,0.00,1.00,0.00,1.00,0.00,1.00,1.00,0.00
ID12469,0.06,0.11,0.00,0.00,1.00,0.00,0.00,0.00,1.00,0.00,1.00,1.00,0.00,0.00,1.00,0.00,1.00,0.00,1.00,1.00,0.00
ID12470,0.94,0.50,1.00,0.00,1.00,1.00,0.00,0.00,0.00,0.00,1.00,1.00,0.00,0.00,1.00,1.00,0.00,0.00,1.00,1.00,0.00
ID12471,0.90,0.72,0.00,0.00,1.00,1.00,0.00,0.00,0.00,0.00,1.00,1.00,0.00,0.00,1.00,0.00,1.00,1.00,0.00,1.00,0.00
ID12472,0.53,0.58,0.67,1.00,0.00,1.00,0.00,0.00,0.00,1.00,0.00,1.00,0.00,0.00,1.00,0.00,1.00,1.00,0.00,0.00,1.00
ID12473,0.12,0.05,0.00,1.00,0.00,1.00,0.00,0.00,0.00,1.00,0.00,1.00,0.00,1.00,0.00,1.00,0.00,1.00,0.00,0.00,1.00
ID12474,0.69,0.40,0.00,1.00,0.00,1.00,0.00,0.00,0.00,0.00,1.00,1.00,0.00,1.00,0.00,0.00,1.00,1.00,0.00,1.00,0.00
ID12475,1.00,0.73,0.67,1.00,0.00,0.00,0.00,1.00,0.00,0.00,1.00,1.00,0.00,0.00,1.00,0.00,1.00,1.00,0.00,0.00,1.00
ID12476,0.47,0.27,0.00,0.00,1.00,1.00,0.00,0.00,0.00,0.00,1.00,0.00,1.00,0.00,1.00,0.00,1.00,1.00,0.00,1.00,0.00
ID12477,0.82,0.49,0.33,1.00,0.00,0.00,0.00,0.00,1.00,1.00,0.00,1.00,0.00,1.00,0.00,1.00,0.00,0.00,1.00,0.00,1.00
ID12478,0.45,0.34,0.67,0.00,1.00,1.00,0.00,0.00,0.00,1.00,0.00,1.00,0.00,1.00,0.00,0.00,1.00,1.00,0.00,1.00,0.00
ID12479,0.02,0.22,0.00,0.00,1.00,0.00,0.00,1.00,0.00,0.00,1.00,1.00,0.00,1.00,0.00,0.00,1.00,0.00,1.00,0.00,1.00
ID12480,0.04,0.08,1.00,1.00,0.00,1.00,0.00,0.00,0.00,0.00,1.00,1.00,0.00,1.00,0.00,0.00,1.00,1.00,0.00,1.00,0.00
ID12481,0.78,0.37,0.00,1.00,0.00,0.00,0.00,0.00,1.00,1.00,0.00,0.00,1.00,0.00,1.00,0.00,1.00,1.00,0.00,0.00,1.00
ID12482,0.57,0.47,0.67,1.00,0.00,1.00,0.00,0.00,0.00,0.00,1.00,0.00,1.00,0.00,1.00,0.00,1.00,1.00,0.00,1.00,0.00
ID12483,0.24,0.17,0.33,0.00,1.00,1.00,0.00,0.00,0.00,0.00,1.00,1.00,0.00,1.00,0.00,0.00,1.00,1.00,0.00,1.00,0.00
ID12484,0.45,0.51,0.33,1.00,0.00,0.00,0.00,0.00,1.00,0.00,1.00,0.00,1.00,0.00,1.00,0.00,1.00,1.00,0.00,0.00,1.00
ID12485,0.37,0.38,0.00,1.00,0.00,0.00,0.00,0.00,1.00,0.00,1.00,1.00,0.00,1.00,0.00,0.00,1.00,1.00,0.00,1.00,0.00
ID12486,0.80,0.57,1.00,1.00,0.00,1.00,0.00,0.00,0.00,1.00,0.00,0.00,1.00,1.00,0.00,0.00,1.00,0.00,1.00,1.00,0.00
ID12487,0.63,0.18,0.00,0.00,1.00,1.00,0.00,0.00,0.00,1.00,0.00,1.00,0.00,1.00,0.00,0.00,1.00,1.00,0.00,1.00,0.00
ID12488,0.88,0.43,0.33,0.00,1.00,1.00,0.00,0.00,0.00,1.00,0.00,0.00,1.00,1.00,0.00,1.00,0.00,1.00,0.00,0.00,1.00
ID12489,0.22,0.17,0.00,0.00,1.00,1.00,0.00,0.00,0.00,1.00,0.00,0.00,1.00,1.00,0.00,0.00,1.00,1.00,0.00,0.00,1.00
ID12490,0.61,0.19,0.00,1.00,0.00,1.00,0.00,0.00,0.00,0.00,1.00,1.00,0.00,0.00,1.00,1.00,0.00,1.00,0.00,1.00,0.00
ID12491,0.78,0.68,0.00,1.00,0.00,1.00,0.00,0.00,0.00,0.00,1.00,1.00,0.00,0.00,1.00,0.00,1.00,1.00,0.00,1.00,0.00
ID12492,0.45,0.30,0.00,0.00,1.00,0.00,0.00,0.00,1.00,1.00,0.00,0.00,1.00,1.00,0.00,0.00,1.00,1.00,0.00,0.00,1.00
ID12493,0.82,0.57,1.00,1.00,0.00,0.00,0.00,0.00,1.00,0.00,1.00,0.00,1.00,0.00,1.00,1.00,0.00,1.00,0.00,1.00,0.00
ID12494,0.86,0.29,0.67,1.00,0.00,1.00,0.00,0.00,0.00,0.00,1.00,0.00,1.00,0.00,1.00,1.00,0.00,0.00,1.00,1.00,0.00
ID12495,0.82,0.35,0.00,1.00,0.00,0.00,0.00,1.00,0.00,1.00,0.00,0.00,1.00,1.00,0.00,1.00,0.00,0.00,1.00,0.00,1.00
ID12496,1.00,0.32,1.00,1.00,0.00,0.00,0.00,0.00,1.00,0.00,1.00,0.00,1.00,1.00,0.00,1.00,0.00,0.00,1.00,1.00,0.00
ID12497,0.45,0.36,0.00,0.00,1.00,0.00,1.00,0.00,0.00,0.00,1.00,0.00,1.00,0.00,1.00,1.00,0.00,1.00,0.00,1.00,0.00
ID12498,0.61,0.50,0.67,0.00,1.00,1.00,0.00,0.00,0.00,0.00,1.00,1.00,0.00,0.00,1.00,0.00,1.00,1.00,0.00,0.00,1.00
ID12499,0.94,0.90,0.33,1.00,0.00,1.00,0.00,0.00,0.00,1.00,0.00,1.00,0.00,0.00,1.00,0.00,1.00,1.00,0.00,0.00,1.00
ID12500,0.51,0.57,0.00,0.00,1.00,0.00,0.00,0.00,1.00,0.00,1.00,0.00,1.00,0.00,1.00,1.00,0.00,0.00,1.00,1.00,0.00
ID12501,0.33,0.25,0.00,1.00,0.00,0.00,1.00,0.00,0.00,1.00,0.00,1.00,0.00,1.00,0.00,0.00,1.00,0.00,1.00,0.00,1.00
ID12502,0.16,0.25,1.00,0.00,1.00,0.00,1.00,0.00,0.00,1.00,0.00,0.00,1.00,1.00,0.00,1.00,0.00,0.00,1.00,1.00,0.00
ID12503,0.61,0.58,0.00,0.00,1.00,1.00,0.00,0.00,0.00,0.00,1.00,0.00,1.00,1.00,0.00,0.00,1.00,1.00,0.00,1.00,0.00
ID12504,0.35,0.27,0.00,0.00,1.00,1.00,0.00,0.00,0.00,1.00,0.00,1.00,0.00,1.00,0.00,1.00,0.00,0.00,1.00,0.00,1.00
ID12505,0.12,0.15,1.00,1.00,0.00,1.00,0.00,0.00,0.00,0.00,1.00,1.00,0.00,0.00,1.00,0.00,1.00,1.00,0.00,0.00,1.00
ID12506,0.59,0.54,1.00,0.00,1.00,0.00,0.00,1.00,0.00,0.00,1.00,0.00,1.00,0.00,1.00,0.00,1.00,1.00,0.00,0.00,1.00
ID12507,0.69,0.70,0.33,0.00,1.00,0.00,0.00,1.00,0.00,1.00,0.00,1.00,0.00,0.00,1.00,0.00,1.00,1.00,0.00,0.00,1.00
ID12508,0.27,0.30,0.00,0.00,1.00,0.00,0.00,1.00,0.00,1.00,0.00,1.00,0.00,0.00,1.00,0.00,1.00,1.00,0.00,0.00,1.00
ID12509,0.47,0.29,0.33,1.00,0.00,0.00,0.00,1.00,0.00,0.00,1.00,0.00,1.00,1.00,0.00,1.00,0.00,1.00,0.00,0.00,1.00
ID12510,0.10,0.10,0.67,0.00,1.00,0.00,0.00,1.00,0.00,0.00,1.00,1.00,0.00,0.00,1.00,1.00,0.00,1.00,0.00,1.00,0.00
ID12511,0.18,0.23,0.33,1.00,0.00,1.00,0.00,0.00,0.00,1.00,0.00,0.00,1.00,1.00,0.00,0.00,1.00,0.00,1.00,0.00,1.00
ID12512,0.08,0.04,0.00,0.00,1.00,1.00,0.00,0.00,0.00,1.00,0.00,0.00,1.00,0.00,1.00,0.00,1.00,0.00,1.00,1.00,0.00
ID12513,1.00,0.91,0.67,1.00,0.00,1.00,0.00,0.00,0.00,1.00,0.00,0.00,1.00,0.00,1.00,0.00,1.00,1.00,0.00,0.00,1.00
ID12514,0.16,0.20,0.00,1.00,0.00,1.00,0.00,0.00,0.00,0.00,1.00,0.00,1.00,1.00,0.00,0.00,1.00,1.00,0.00,0.00,1.00
ID12515,0.82,0.71,0.00,1.00,0.00,0.00,0.00,1.00,0.00,0.00,1.00,1.00,0.00,0.00,1.00,0.00,1.00,1.00,0.00,1.00,0.00
ID12516,0.18,0.26,0.00,0.00,1.00,0.00,1.00,0.00,0.00,0.00,1.00,1.00,0.00,0.00,1.00,0.00,1.00,0.00,1.00,1.00,0.00
ID12517,0.37,0.13,0.33,0.00,1.00,1.00,0.00,0.00,0.00,1.00,0.00,1.00,0.00,0.00,1.00,1.00,0.00,0.00,1.00,1.00,0.00
ID12518,0.27,0.31,0.33,0.00,1.00,0.00,1.00,0.00,0.00,0.00,1.00,0.00,1.00,1.00,0.00,1.00,0.00,1.00,0.00,0.00,1.00
ID12519,0.20,0.36,0.67,1.00,0.00,0.00,0.00,0.00,1.00,0.00,1.00,0.00,1.00,0.00,1.00,1.00,0.00,1.00,0.00,0.00,1.00
ID12520,0.80,0.29,0.00,0.00,1.00,0.00,0.00,0.00,1.00,0.00,1.00,1.00,0.00,0.00,1.00,0.00,1.00,0.00,1.00,1.00,0.00
ID12521,0.94,0.76,0.00,0.00,1.00,1.00,0.00,0.00,0.00,0.00,1.00,0.00,1.00,0.00,1.00,0.00,1.00,0.00,1.00,1.00,0.00
ID12522,0.63,0.63,0.33,0.00,1.00,1.00,0.00,0.00,0.00,1.00,0.00,1.00,0.00,0.00,1.00,1.00,0.00,1.00,0.00,0.00,1.00
ID12523,0.08,0.11,0.33,0.00,1.00,1.00,0.00,0.00,0.00,0.00,1.00,0.00,1.00,1.00,0.00,0.00,1.00,1.00,0.00,1.00,0.00
ID12524,0.82,0.67,0.00,1.00,0.00,1.00,0.00,0.00,0.00,0.00,1.00,0.00,1.00,0.00,1.00,0.00,1.00,1.00,0.00,1.00,0.00
ID12525,0.04,0.21,0.33,0.00,1.00,0.00,0.00,0.00,1.00,1.00,0.00,0.00,1.00,1.00,0.00,0.00,1.00,1.00,0.00,0.00,1.00
ID12526,0.53,0.44,0.00,1.00,0.00,0.00,1.00,0.00,0.00,0.00,1.00,1.00,0.00,0.00,1.00,0.00,1.00,1.00,0.00,1.00,0.00
ID12527,0.96,0.43,1.00,1.00,0.00,0.00,0.00,0.00,1.00,0.00,1.00,1.00,0.00,0.00,1.00,1.00,0.00,1.00,0.00,1.00,0.00
ID12528,0.71,0.47,0.67,1.00,0.00,1.00,0.00,0.00,0.00,0.00,1.00,0.00,1.00,1.00,0.00,1.00,0.00,1.00,0.00,0.00,1.00
ID12529,0.33,0.21,0.33,1.00,0.00,1.00,0.00,0.00,0.00,0.00,1.00,0.00,1.00,1.00,0.00,0.00,1.00,0.00,1.00,0.00,1.00
ID12530,0.35,0.39,0.67,0.00,1.00,0.00,1.00,0.00,0.00,1.00,0.00,1.00,0.00,0.00,1.00,0.00,1.00,0.00,1.00,1.00,0.00
ID12531,0.61,0.41,0.00,0.00,1.00,0.00,0.00,0.00,1.00,0.00,1.00,1.00,0.00,0.00,1.00,1.00,0.00,0.00,1.00,1.00,0.00
ID12532,0.94,0.92,0.33,1.00,0.00,0.00,0.00,0.00,1.00,0.00,1.00,0.00,1.00,0.00,1.00,0.00,1.00,1.00,0.00,0.00,1.00
ID12533,0.57,0.20,0.00,0.00,1.00,0.00,0.00,0.00,1.00,1.00,0.00,0.00,1.00,0.00,1.00,0.00,1.00,0.00,1.00,1.00,0.00
ID12534,0.49,0.40,0.00,1.00,0.00,0.00,1.00,0.00,0.00,0.00,1.00,1.00,0.00,1.00,0.00,0.00,1.00,0.00,1.00,0.00,1.00
ID12535,0.59,0.31,0.00,0.00,1.00,1.00,0.00,0.00,0.00,0.00,1.00,0.00,1.00,0.00,1.00,1.00,0.00,1.00,0.00,1.00,0.00
ID12536,0.10,0.12,0.67,0.00,1.00,0.00,0.00,0.00,1.00,1.00,0.00,0.00,1.00,0.00,1.00,0.00,1.00,0.00,1.00,1.00,0.00
ID12537,0.35,0.20,0.00,0.00,1.00,1.00,0.00,0.00,0.00,0.00,1.00,0.00,1.00,1.00,0.00,1.00,0.00,0.00,1.00,0.00,1.00
ID12538,0.94,0.45,0.33,1.00,0.00,1.00,0.00,0.00,0.00,1.00,0.00,0.00,1.00,0.00,1.00,1.00,0.00,0.00,1.00,0.00,1.00
ID12539,0.00,0.12,0.33,1.00,0.00,0.00,0.00,1.00,0.00,0.00,1.00,1.00,0.00,1.00,0.00,0.00,1.00,1.00,0.00,1.00,0.00
ID12540,0.02,0.18,0.33,0.00,1.00,1.00,0.00,0.00,0.00,0.00,1.00,0.00,1.00,1.00,0.00,0.00,1.00,1.00,0.00,1.00,0.00
ID12541,0.45,0.42,0.33,0.00,1.00,1.00,0.00,0.00,0.00,0.00,1.00,1.00,0.00,0.00,1.00,1.00,0.00,0.00,1.00,0.00,1.00
ID12542,0.59,0.68,0.00,0.00,1.00,1.00,0.00,0.00,0.00,0.00,1.00,0.00,1.00,0.00,1.00,0.00,1.00,1.00,0.00,1.00,0.00
ID12543,0.51,0.54,0.00,1.00,0.00,0.00,1.00,0.00,0.00,0.00,1.00,0.00,1.00,0.00,1.00,0.00,1.00,1.00,0.00,1.00,0.00
ID12544,0.41,0.49,0.00,0.00,1.00,0.00,0.00,0.00,1.00,1.00,0.00,0.00,1.00,1.00,0.00,0.00,1.00,0.00,1.00,0.00,1.00
ID12545,0.06,0.19,0.00,1.00,0.00,0.00,1.00,0.00,0.00,0.00,1.00,1.00,0.00,0.00,1.00,0.00,1.00,1.00,0.00,0.00,1.00
ID12546,0.45,0.46,0.00,0.00,1.00,0.00,1.00,0.00,0.00,0.00,1.00,0.00,1.00,0.00,1.00,0.00,1.00,1.00,0.00,1.00,0.00
ID12547,0.69,0.67,0.00,1.00,0.00,0.00,0.00,0.00,1.00,0.00,1.00,1.00,0.00,0.00,1.00,0.00,1.00,1.00,0.00,1.00,0.00
ID12548,0.35,0.44,0.67,1.00,0.00,0.00,0.00,0.00,1.00,0.00,1.00,1.00,0.00,1.00,0.00,0.00,1.00,1.00,0.00,0.00,1.00
ID12549,0.71,0.76,1.00,0.00,1.00,0.00,1.00,0.00,0.00,0.00,1.00,0.00,1.00,0.00,1.00,1.00,0.00,1.00,0.00,0.00,1.00
ID12550,0.41,0.50,0.00,1.00,0.00,0.00,1.00,0.00,0.00,1.00,0.00,0.00,1.00,0.00,1.00,0.00,1.00,1.00,0.00,0.00,1.00
ID12551,0.49,0.41,1.00,0.00,1.00,1.00,0.00,0.00,0.00,0.00,1.00,0.00,1.00,1.00,0.00,1.00,0.00,1.00,0.00,1.00,0.00
ID12552,0.51,0.58,0.00,0.00,1.00,0.00,0.00,0.00,1.00,1.00,0.00,0.00,1.00,0.00,1.00,1.00,0.00,0.00,1.00,1.00,0.00
ID12553,0.84,0.38,0.00,1.00,0.00,1.00,0.00,0.00,0.00,1.00,0.00,1.00,0.00,1.00,0.00,0.00,1.00,1.00,0.00,0.00,1.00
ID12554,0.84,0.80,0.00,1.00,0.00,0.00,1.00,0.00,0.00,1.00,0.00,0.00,1.00,0.00,1.00,0.00,1.00,0.00,1.00,1.00,0.00
ID12555,0.12,0.20,0.00,0.00,1.00,1.00,0.00,0.00,0.00,1.00,0.00,1.00,0.00,0.00,1.00,0.00,1.00,0.00,1.00,1.00,0.00
ID12556,0.18,0.12,0.00,1.00,0.00,1.00,0.00,0.00,0.00,0.00,1.00,0.00,1.00,0.00,1.00,0.00,1.00,1.00,0.00,1.00,0.00
ID12557,0.29,0.14,0.00,1.00,0.00,0.00,0.00,0.00,1.00,0.00,1.00,0.00,1.00,0.00,1.00,0.00,1.00,0.00,1.00,1.00,0.00
ID12558,0.96,0.97,0.00,1.00,0.00,1.00,0.00,0.00,0.00,0.00,1.00,1.00,0.00,0.00,1.00,0.00,1.00,1.00,0.00,1.00,0.00
ID12559,0.00,0.15,0.33,0.00,1.00,0.00,0.00,1.00,0.00,1.00,0.00,1.00,0.00,0.00,1.00,0.00,1.00,1.00,0.00,1.00,0.00
ID12560,0.98,0.72,0.33,0.00,1.00,0.00,0.00,0.00,1.00,0.00,1.00,1.00,0.00,0.00,1.00,0.00,1.00,1.00,0.00,0.00,1.00
ID12561,0.47,0.32,0.00,0.00,1.00,1.00,0.00,0.00,0.00,0.00,1.00,0.00,1.00,1.00,0.00,0.00,1.00,0.00,1.00,0.00,1.00
ID12562,0.94,0.34,0.00,1.00,0.00,0.00,0.00,1.00,0.00,0.00,1.00,0.00,1.00,0.00,1.00,1.00,0.00,0.00,1.00,1.00,0.00
ID12563,0.10,0.22,0.00,1.00,0.00,1.00,0.00,0.00,0.00,0.00,1.00,0.00,1.00,1.00,0.00,0.00,1.00,0.00,1.00,0.00,1.00
ID12564,0.22,0.18,0.67,1.00,0.00,0.00,1.00,0.00,0.00,0.00,1.00,0.00,1.00,1.00,0.00,0.00,1.00,1.00,0.00,1.00,0.00
ID12565,0.20,0.27,0.00,0.00,1.00,0.00,0.00,0.00,1.00,1.00,0.00,0.00,1.00,0.00,1.00,0.00,1.00,1.00,0.00,0.00,1.00
ID12566,0.80,0.40,0.67,1.00,0.00,0.00,0.00,0.00,1.00,0.00,1.00,0.00,1.00,0.00,1.00,0.00,1.00,0.00,1.00,1.00,0.00
ID12567,0.41,0.29,0.00,0.00,1.00,1.00,0.00,0.00,0.00,0.00,1.00,1.00,0.00,1.00,0.00,0.00,1.00,1.00,0.00,1.00,0.00
ID12568,0.33,0.13,1.00,1.00,0.00,0.00,0.00,1.00,0.00,1.00,0.00,1.00,0.00,0.00,1.00,0.00,1.00,1.00,0.00,0.00,1.00
ID12569,0.51,0.17,0.00,0.00,1.00,0.00,0.00,1.00,0.00,0.00,1.00,1.00,0.00,1.00,0.00,0.00,1.00,1.00,0.00,0.00,1.00
ID12570,0.92,0.56,1.00,0.00,1.00,0.00,0.00,0.00,1.00,1.00,0.00,0.00,1.00,0.00,1.00,0.00,1.00,1.00,0.00,1.00,0.00
ID12571,0.90,0.63,0.00,1.00,0.00,1.00,0.00,0.00,0.00,0.00,1.00,1.00,0.00,0.00,1.00,0.00,1.00,0.00,1.00,1.00,0.00
ID12572,0.67,0.35,0.00,1.00,0.00,1.00,0.00,0.00,0.00,0.00,1.00,0.00,1.00,0.00,1.00,0.00,1.00,1.00,0.00,1.00,0.00
ID12573,0.88,0.28,0.67,0.00,1.00,1.00,0.00,0.00,0.00,0.00,1.00,0.00,1.00,0.00,1.00,1.00,0.00,1.00,0.00,1.00,0.00
ID12574,0.47,0.39,0.00,1.00,0.00,0.00,0.00,0.00,1.00,1.00,0.00,1.00,0.00,0.00,1.00,0.00,1.00,1.00,0.00,0.00,1.00
ID12575,0.27,0.30,0.33,1.00,0.00,0.00,0.00,0.00,1.00,1.00,0.00,0.00,1.00,0.00,1.00,0.00,1.00,0.00,1.00,0.00,1.00
ID12576,0.31,0.12,0.67,1.00,0.00,0.00,0.00,0.00,1.00,0.00,1.00,1.00,0.00,0.00,1.00,0.00,1.00,0.00,1.00,1.00,0.00
ID12577,0.51,0.36,0.33,0.00,1.00,0.00,1.00,0.00,0.00,1.00,0.00,1.00,0.00,1.00,0.00,0.00,1.00,1.00,0.00,0.00,1.00
ID12578,0.45,0.39,0.00,0.00,1.00,1.00,0.00,0.00,0.00,0.00,1.00,1.00,0.00,0.00,1.00,0.00,1.00,0.00,1.00,1.00,0.00
ID12579,0.59,0.32,0.67,0.00,1.00,0.00,0.00,0.00,1.00,0.00,1.00,1.00,0.00,0.00,1.00,0.00,1.00,0.00,1.00,1.00,0.00
ID12580,0.57,0.66,0.33,0.00,1.00,0.00,0.00,0.00,1.00,1.00,0.00,0.00,1.00,0.00,1.00,0.00,1.00,1.00,0.00,0.00,1.00
ID12581,0.24,0.11,0.67,0.00,1.00,0.00,1.00,0.00,0.00,0.00,1.00,1.00,0.00,1.00,0.00,0.00,1.00,0.00,1.00,1.00,0.00
ID12582,0.59,0.68,0.67,0.00,1.00,1.00,0.00,0.00,0.00,1.00,0.00,0.00,1.00,0.00,1.00,0.00,1.00,1.00,0.00,0.00,1.00
ID12583,0.53,0.48,0.00,0.00,1.00,0.00,1.00,0.00,0.00,1.00,0.00,1.00,0.00,0.00,1.00,0.00,1.00,0.00,1.00,1.00,0.00
ID12584,0.10,0.20,0.00,0.00,1.00,0.00,1.00,0.00,0.00,0.00,1.00,0.00,1.00,0.00,1.00,1.00,0.00,1.00,0.00,1.00,0.00
ID12585,0.20,0.28,0.33,1.00,0.00,1.00,0.00,0.00,0.00,0.00,1.00,0.00,1.00,0.00,1.00,0.00,1.00,1.00,0.00,0.00,1.00
ID12586,0.94,0.77,0.00,1.00,0.00,1.00,0.00,0.00,0.00,0.00,1.00,0.00,1.00,0.00,1.00,0.00,1.00,0.00,1.00,1.00,0.00
ID12587,0.35,0.29,0.00,1.00,0.00,0.00,0.00,0.00,1.00,0.00,1.00,1.00,0.00,0.00,1.00,1.00,0.00,0.00,1.00,1.00,0.00
ID12588,0.02,0.20,0.33,0.00,1.00,0.00,1.00,0.00,0.00,0.00,1.00,1.00,0.00,1.00,0.00,0.00,1.00,1.00,0.00,0.00,1.00
ID12589,0.18,0.15,1.00,1.00,0.00,0.00,0.00,0.00,1.00,0.00,1.00,1.00,0.00,0.00,1.00,1.00,0.00,1.00,0.00,1.00,0.00
ID12590,0.18,0.26,0.67,0.00,1.00,1.00,0.00,0.00,0.00,0.00,1.00,1.00,0.00,0.00,1.00,1.00,0.00,1.00,0.00,0.00,1.00
ID12591,0.82,0.46,0.33,1.00,0.00,1.00,0.00,0.00,0.00,0.00,1.00,0.00,1.00,0.00,1.00,1.00,0.00,0.00,1.00,0.00,1.00
ID12592,0.57,0.21,0.33,1.00,0.00,0.00,0.00,0.00,1.00,1.00,0.00,0.00,1.00,0.00,1.00,0.00,1.00,1.00,0.00,0.00,1.00
ID12593,0.88,0.39,0.00,1.00,0.00,0.00,0.00,0.00,1.00,0.00,1.00,0.00,1.00,0.00,1.00,1.00,0.00,0.00,1.00,0.00,1.00
ID12594,0.84,0.62,0.00,0.00,1.00,1.00,0.00,0.00,0.00,1.00,0.00,1.00,0.00,0.00,1.00,0.00,1.00,1.00,0.00,0.00,1.00
ID12595,0.59,0.67,1.00,1.00,0.00,0.00,1.00,0.00,0.00,0.00,1.00,1.00,0.00,0.00,1.00,0.00,1.00,1.00,0.00,1.00,0.00
ID12596,0.53,0.58,0.00,0.00,1.00,1.00,0.00,0.00,0.00,0.00,1.00,1.00,0.00,1.00,0.00,1.00,0.00,0.00,1.00,0.00,1.00
ID12597,0.65,0.62,0.67,0.00,1.00,0.00,0.00,0.00,1.00,1.00,0.00,0.00,1.00,0.00,1.00,0.00,1.00,0.00,1.00,0.00,1.00
ID12598,0.94,0.72,0.00,0.00,1.00,1.00,0.00,0.00,0.00,1.00,0.00,1.00,0.00,0.00,1.00,0.00,1.00,1.00,0.00,0.00,1.00
ID12599,0.67,0.67,0.00,1.00,0.00,0.00,0.00,0.00,1.00,1.00,0.00,1.00,0.00,0.00,1.00,0.00,1.00,0.00,1.00,1.00,0.00
ID12600,0.57,0.24,0.00,1.00,0.00,0.00,0.00,0.00,1.00,0.00,1.00,0.00,1.00,1.00,0.00,0.00,1.00,1.00,0.00,0.00,1.00
ID12601,0.43,0.39,1.00,1.00,0.00,1.00,0.00,0.00,0.00,0.00,1.00,0.00,1.00,0.00,1.00,1.00,0.00,1.00,0.00,1.00,0.00
ID12602,0.82,0.48,0.33,1.00,0.00,1.00,0.00,0.00,0.00,1.00,0.00,0.00,1.00,1.00,0.00,0.00,1.00,1.00,0.00,0.00,1.00
ID12603,0.29,0.37,0.00,1.00,0.00,0.00,0.00,0.00,1.00,0.00,1.00,0.00,1.00,1.00,0.00,1.00,0.00,1.00,0.00,1.00,0.00
ID12604,0.08,0.18,0.00,1.00,0.00,1.00,0.00,0.00,0.00,1.00,0.00,0.00,1.00,0.00,1.00,0.00,1.00,0.00,1.00,1.00,0.00
ID12605,0.92,0.94,0.33,1.00,0.00,1.00,0.00,0.00,0.00,0.00,1.00,0.00,1.00,0.00,1.00,0.00,1.00,1.00,0.00,0.00,1.00
ID12606,0.35,0.41,0.00,1.00,0.00,0.00,0.00,0.00,1.00,0.00,1.00,0.00,1.00,0.00,1.00,0.00,1.00,1.00,0.00,1.00,0.00
ID12607,0.84,0.31,0.00,1.00,0.00,1.00,0.00,0.00,0.00,0.00,1.00,1.00,0.00,1.00,0.00,1.00,0.00,0.00,1.00,0.00,1.00
ID12608,0.08,0.11,0.00,1.00,0.00,0.00,0.00,1.00,0.00,1.00,0.00,0.00,1.00,0.00,1.00,0.00,1.00,1.00,0.00,0.00,1.00
ID12609,0.86,0.78,0.67,0.00,1.00,0.00,0.00,1.00,0.00,1.00,0.00,1.00,0.00,0.00,1.00,0.00,1.00,0.00,1.00,0.00,1.00
ID12610,0.10,0.11,0.67,1.00,0.00,0.00,1.00,0.00,0.00,0.00,1.00,0.00,1.00,0.00,1.00,0.00,1.00,1.00,0.00,0.00,1.00
ID12611,0.22,0.14,0.00,1.00,0.00,0.00,0.00,0.00,1.00,0.00,1.00,1.00,0.00,0.00,1.00,1.00,0.00,1.00,0.00,1.00,0.00
ID12612,0.53,0.19,1.00,0.00,1.00,1.00,0.00,0.00,0.00,0.00,1.00,1.00,0.00,0.00,1.00,0.00,1.00,1.00,0.00,1.00,0.00
ID12613,0.92,0.67,0.00,1.00,0.00,0.00,0.00,0.00,1.00,0.00,1.00,0.00,1.00,0.00,1.00,0.00,1.00,0.00,1.00,1.00,0.00
ID12614,0.14,0.16,1.00,1.00,0.00,0.00,1.00,0.00,0.00,1.00,0.00,1.00,0.00,0.00,1.00,0.00,1.00,1.00,0.00,1.00,0.00
ID12615,0.39,0.50,0.00,0.00,1.00,1.00,0.00,0.00,0.00,1.00,0.00,0.00,1.00,0.00,1.00,1.00,0.00,1.00,0.00,0.00,1.00
ID12616,0.61,0.20,0.33,1.00,0.00,1.00,0.00,0.00,0.00,0.00,1.00,1.00,0.00,0.00,1.00,0.00,1.00,1.00,0.00,0.00,1.00
ID12617,0.35,0.26,0.00,1.00,0.00,0.00,0.00,0.00,1.00,1.00,0.00,1.00,0.00,0.00,1.00,1.00,0.00,1.00,0.00,0.00,1.00
ID12618,0.67,0.49,0.33,0.00,1.00,0.00,0.00,0.00,1.00,0.00,1.00,1.00,0.00,0.00,1.00,1.00,0.00,0.00,1.00,0.00,1.00
ID12619,0.18,0.29,1.00,1.00,0.00,0.00,0.00,0.00,1.00,1.00,0.00,1.00,0.00,1.00,0.00,0.00,1.00,1.00,0.00,1.00,0.00
ID12620,0.78,0.41,1.00,1.00,0.00,1.00,0.00,0.00,0.00,0.00,1.00,0.00,1.00,0.00,1.00,0.00,1.00,0.00,1.00,1.00,0.00
ID12621,0.41,0.12,0.67,1.00,0.00,1.00,0.00,0.00,0.00,0.00,1.00,0.00,1.00,1.00,0.00,0.00,1.00,1.00,0.00,0.00,1.00
ID12622,0.37,0.21,0.67,1.00,0.00,0.00,0.00,0.00,1.00,0.00,1.00,0.00,1.00,0.00,1.00,0.00,1.00,1.00,0.00,1.00,0.00
ID12623,0.18,0.13,1.00,0.00,1.00,0.00,0.00,1.00,0.00,1.00,0.00,1.00,0.00,0.00,1.00,0.00,1.00,0.00,1.00,1.00,0.00
ID12624,0.33,0.19,0.00,1.00,0.00,0.00,0.00,0.00,1.00,0.00,1.00,0.00,1.00,0.00,1.00,1.00,0.00,0.00,1.00,1.00,0.00
ID12625,0.53,0.24,0.00,0.00,1.00,0.00,0.00,1.00,0.00,0.00,1.00,0.00,1.00,0.00,1.00,0.00,1.00,0.00,1.00,0.00,1.00
ID12626,0.51,0.25,0.33,1.00,0.00,1.00,0.00,0.00,0.00,0.00,1.00,1.00,0.00,1.00,0.00,0.00,1.00,1.00,0.00,0.00,1.00
ID12627,0.29,0.16,0.67,0.00,1.00,1.00,0.00,0.00,0.00,1.00,0.00,1.00,0.00,0.00,1.00,1.00,0.00,0.00,1.00,1.00,0.00
ID12628,0.06,0.10,0.33,1.00,0.00,0.00,0.00,0.00,1.00,1.00,0.00,1.00,0.00,0.00,1.00,0.00,1.00,0.00,1.00,1.00,0.00
ID12629,0.24,0.36,0.67,1.00,0.00,1.00,0.00,0.00,0.00,0.00,1.00,1.00,0.00,1.00,0.00,0.00,1.00,1.00,0.00,1.00,0.00
ID12630,0.76,0.66,0.33,0.00,1.00,0.00,1.00,0.00,0.00,0.00,1.00,0.00,1.00,0.00,1.00,0.00,1.00,1.00,0.00,1.00,0.00
ID12631,0.94,0.93,0.33,0.00,1.00,0.00,0.00,1.00,0.00,0.00,1.00,1.00,0.00,0.00,1.00,0.00,1.00,1.00,0.00,0.00,1.00
ID12632,0.37,0.39,0.33,1.00,0.00,1.00,0.00,0.00,0.00,1.00,0.00,0.00,1.00,1.00,0.00,1.00,0.00,1.00,0.00,0.00,1.00
ID12633,0.84,0.43,0.33,0.00,1.00,1.00,0.00,0.00,0.00,1.00,0.00,1.00,0.00,0.00,1.00,0.00,1.00,1.00,0.00,0.00,1.00
ID12634,0.86,0.43,0.00,0.00,1.00,1.00,0.00,0.00,0.00,0.00,1.00,0.00,1.00,1.00,0.00,0.00,1.00,0.00,1.00,0.00,1.00
ID12635,0.18,0.15,0.33,1.00,0.00,0.00,0.00,0.00,1.00,1.00,0.00,0.00,1.00,0.00,1.00,0.00,1.00,0.00,1.00,1.00,0.00
ID12636,0.22,0.09,0.00,0.00,1.00,1.00,0.00,0.00,0.00,0.00,1.00,1.00,0.00,1.00,0.00,0.00,1.00,1.00,0.00,1.00,0.00
ID12637,0.71,0.57,0.33,1.00,0.00,1.00,0.00,0.00,0.00,1.00,0.00,1.00,0.00,0.00,1.00,0.00,1.00,1.00,0.00,0.00,1.00
ID12638,0.88,0.90,0.67,1.00,0.00,0.00,1.00,0.00,0.00,1.00,0.00,1.00,0.00,0.00,1.00,0.00,1.00,1.00,0.00,0.00,1.00
ID12639,0.51,0.58,0.00,1.00,0.00,1.00,0.00,0.00,0.00,0.00,1.00,1.00,0.00,0.00,1.00,0.00,1.00,1.00,0.00,1.00,0.00
ID12640,0.02,0.09,0.00,0.00,1.00,1.00,0.00,0.00,0.00,0.00,1.00,1.00,0.00,0.00,1.00,0.00,1.00,0.00,1.00,0.00,1.00
ID12641,0.61,0.29,0.33,1.00,0.00,1.00,0.00,0.00,0.00,0.00,1.00,0.00,1.00,0.00,1.00,1.00,0.00,0.00,1.00,0.00,1.00
ID12642,0.43,0.56,0.67,0.00,1.00,0.00,1.00,0.00,0.00,0.00,1.00,1.00,0.00,0.00,1.00,0.00,1.00,1.00,0.00,0.00,1.00
ID12643,0.29,0.17,0.67,0.00,1.00,1.00,0.00,0.00,0.00,0.00,1.00,0.00,1.00,0.00,1.00,0.00,1.00,1.00,0.00,1.00,0.00
ID12644,0.92,0.75,0.33,0.00,1.00,0.00,0.00,1.00,0.00,0.00,1.00,0.00,1.00,0.00,1.00,1.00,0.00,0.00,1.00,0.00,1.00
ID12645,0.57,0.28,0.33,0.00,1.00,0.00,1.00,0.00,0.00,0.00,1.00,0.00,1.00,0.00,1.00,0.00,1.00,1.00,0.00,0.00,1.00
ID12646,0.45,0.54,0.00,0.00,1.00,1.00,0.00,0.00,0.00,1.00,0.00,1.00,0.00,1.00,0.00,0.00,1.00,0.00,1.00,0.00,1.00
ID12647,0.18,0.18,0.00,1.00,0.00,1.00,0.00,0.00,0.00,1.00,0.00,0.00,1.00,1.00,0.00,1.00,0.00,0.00,1.00,0.00,1.00
ID12648,0.08,0.07,0.67,0.00,1.00,0.00,0.00,1.00,0.00,0.00,1.00,0.00,1.00,0.00,1.00,0.00,1.00,1.00,0.00,1.00,0.00
ID12649,0.49,0.27,0.33,0.00,1.00,0.00,1.00,0.00,0.00,0.00,1.00,0.00,1.00,0.00,1.00,0.00,1.00,1.00,0.00,0.00,1.00
ID12650,0.82,0.82,0.33,1.00,0.00,0.00,0.00,0.00,1.00,0.00,1.00,0.00,1.00,0.00,1.00,0.00,1.00,0.00,1.00,0.00,1.00
ID12651,0.10,0.05,0.33,1.00,0.00,1.00,0.00,0.00,0.00,0.00,1.00,0.00,1.00,1.00,0.00,0.00,1.00,1.00,0.00,1.00,0.00
ID12652,0.82,0.47,1.00,0.00,1.00,0.00,0.00,1.00,0.00,0.00,1.00,1.00,0.00,1.00,0.00,1.00,0.00,1.00,0.00,1.00,0.00
ID12653,0.55,0.62,0.67,0.00,1.00,1.00,0.00,0.00,0.00,0.00,1.00,0.00,1.00,0.00,1.00,0.00,1.00,1.00,0.00,1.00,0.00
ID12654,0.63,0.59,0.00,1.00,0.00,0.00,0.00,1.00,0.00,0.00,1.00,0.00,1.00,1.00,0.00,1.00,0.00,0.00,1.00,1.00,0.00
ID12655,1.00,0.53,1.00,1.00,0.00,1.00,0.00,0.00,0.00,0.00,1.00,0.00,1.00,0.00,1.00,0.00,1.00,1.00,0.00,1.00,0.00
ID12656,0.04,0.05,0.67,1.00,0.00,0.00,0.00,0.00,1.00,0.00,1.00,0.00,1.00,0.00,1.00,0.00,1.00,1.00,0.00,1.00,0.00
ID12657,0.51,0.23,0.33,1.00,0.00,0.00,1.00,0.00,0.00,0.00,1.00,0.00,1.00,0.00,1.00,0.00,1.00,0.00,1.00,0.00,1.00
ID12658,0.47,0.35,0.00,0.00,1.00,0.00,1.00,0.00,0.00,0.00,1.00,1.00,0.00,1.00,0.00,0.00,1.00,1.00,0.00,1.00,0.00
ID12659,0.41,0.45,0.00,1.00,0.00,0.00,0.00,1.00,0.00,0.00,1.00,1.00,0.00,0.00,1.00,0.00,1.00,1.00,0.00,1.00,0.00
ID12660,1.00,0.34,0.00,1.00,0.00,0.00,0.00,1.00,0.00,0.00,1.00,1.00,0.00,1.00,0.00,0.00,1.00,0.00,1.00,0.00,1.00
ID12661,0.45,0.20,0.33,0.00,1.00,1.00,0.00,0.00,0.00,1.00,0.00,1.00,0.00,0.00,1.00,0.00,1.00,1.00,0.00,0.00,1.00
ID12662,0.14,0.31,0.00,1.00,0.00,0.00,0.00,1.00,0.00,1.00,0.00,1.00,0.00,1.00,0.00,0.00,1.00,0.00,1.00,0.00,1.00
ID12663,0.80,0.79,0.00,1.00,0.00,0.00,1.00,0.00,0.00,0.00,1.00,1.00,0.00,0.00,1.00,0.00,1.00,1.00,0.00,1.00,0.00
ID12664,0.29,0.30,0.33,1.00,0.00,1.00,0.00,0.00,0.00,1.00,0.00,1.00,0.00,1.00,0.00,0.00,1.00,0.00,1.00,0.00,1.00
ID12665,0.53,0.31,0.00,0.00,1.00,0.00,0.00,1.00,0.00,0.00,1.00,0.00,1.00,1.00,0.00,0.00,1.00,0.00,1.00,0.00,1.00
ID12666,0.24,0.34,0.00,0.00,1.00,0.00,0.00,0.00,1.00,0.00,1.00,0.00,1.00,0.00,1.00,1.00,0.00,1.00,0.00,1.00,0.00
ID12667,0.51,0.30,0.00,0.00,1.00,0.00,0.00,0.00,1.00,0.00,1.00,1.00,0.00,1.00,0.00,0.00,1.00,0.00,1.00,1.00,0.00
ID12668,0.02,0.21,0.67,1.00,0.00,1.00,0.00,0.00,0.00,0.00,1.00,0.00,1.00,0.00,1.00,0.00,1.00,1.00,0.00,1.00,0.00
ID12669,0.39,0.42,0.00,1.00,0.00,0.00,0.00,0.00,1.00,0.00,1.00,0.00,1.00,0.00,1.00,0.00,1.00,1.00,0.00,1.00,0.00
ID12670,0.63,0.22,0.33,0.00,1.00,1.00,0.00,0.00,0.00,1.00,0.00,0.00,1.00,0.00,1.00,0.00,1.00,0.00,1.00,0.00,1.00
ID12671,0.63,0.49,1.00,1.00,0.00,0.00,1.00,0.00,0.00,1.00,0.00,0.00,1.00,1.00,0.00,0.00,1.00,1.00,0.00,1.00,0.00
ID12672,0.45,0.54,0.00,0.00,1.00,1.00,0.00,0.00,0.00,0.00,1.00,1.00,0.00,1.00,0.00,1.00,0.00,1.00,0.00,1.00,0.00
ID12673,0.31,0.39,0.67,1.00,0.00,0.00,0.00,1.00,0.00,1.00,0.00,1.00,0.00,0.00,1.00,0.00,1.00,1.00,0.00,0.00,1.00
ID12674,0.43,0.30,0.67,0.00,1.00,0.00,0.00,0.00,1.00,0.00,1.00,0.00,1.00,0.00,1.00,0.00,1.00,1.00,0.00,1.00,0.00
ID12675,0.51,0.40,0.00,1.00,0.00,1.00,0.00,0.00,0.00,0.00,1.00,0.00,1.00,0.00,1.00,0.00,1.00,1.00,0.00,1.00,0.00
ID12676,0.39,0.44,0.00,0.00,1.00,0.00,0.00,0.00,1.00,0.00,1.00,1.00,0.00,0.00,1.00,0.00,1.00,0.00,1.00,1.00,0.00
ID12677,0.12,0.24,0.33,1.00,0.00,0.00,0.00,0.00,1.00,0.00,1.00,0.00,1.00,0.00,1.00,0.00,1.00,1.00,0.00,0.00,1.00
ID12678,0.90,0.69,0.00,0.00,1.00,0.00,0.00,0.00,1.00,0.00,1.00,0.00,1.00,0.00,1.00,1.00,0.00,1.00,0.00,0.00,1.00
ID12679,0.00,0.02,0.00,0.00,1.00,1.00,0.00,0.00,0.00,1.00,0.00,1.00,0.00,0.00,1.00,0.00,1.00,0.00,1.00,1.00,0.00
ID12680,0.59,0.35,0.00,1.00,0.00,0.00,0.00,0.00,1.00,0.00,1.00,0.00,1.00,1.00,0.00,1.00,0.00,1.00,0.00,1.00,0.00
ID12681,0.92,0.81,0.67,0.00,1.00,0.00,0.00,1.00,0.00,0.00,1.00,0.00,1.00,0.00,1.00,1.00,0.00,0.00,1.00,0.00,1.00
ID12682,0.04,0.13,0.67,0.00,1.00,0.00,0.00,0.00,1.00,0.00,1.00,0.00,1.00,1.00,0.00,0.00,1.00,0.00,1.00,1.00,0.00
ID12683,0.57,0.29,1.00,1.00,0.00,0.00,0.00,0.00,1.00,1.00,0.00,1.00,0.00,0.00,1.00,1.00,0.00,1.00,0.00,1.00,0.00
ID12684,0.59,0.41,0.67,1.00,0.00,0.00,1.00,0.00,0.00,1.00,0.00,0.00,1.00,0.00,1.00,0.00,1.00,1.00,0.00,1.00,0.00
ID12685,0.31,0.32,0.33,0.00,1.00,0.00,0.00,0.00,1.00,0.00,1.00,1.00,0.00,0.00,1.00,0.00,1.00,0.00,1.00,0.00,1.00
ID12686,0.04,0.08,1.00,0.00,1.00,0.00,0.00,0.00,1.00,1.00,0.00,0.00,1.00,0.00,1.00,0.00,1.00,1.00,0.00,1.00,0.00
ID12687,0.04,0.23,0.33,0.00,1.00,1.00,0.00,0.00,0.00,0.00,1.00,1.00,0.00,1.00,0.00,0.00,1.00,1.00,0.00,0.00,1.00
ID12688,0.51,0.45,0.33,1.00,0.00,0.00,0.00,0.00,1.00,1.00,0.00,0.00,1.00,0.00,1.00,1.00,0.00,1.00,0.00,0.00,1.00
ID12689,0.82,0.77,0.00,0.00,1.00,0.00,1.00,0.00,0.00,0.00,1.00,1.00,0.00,0.00,1.00,0.00,1.00,1.00,0.00,1.00,0.00
ID12690,0.22,0.13,0.33,0.00,1.00,0.00,0.00,1.00,0.00,0.00,1.00,0.00,1.00,0.00,1.00,0.00,1.00,1.00,0.00,1.00,0.00
ID12691,0.14,0.32,0.00,0.00,1.00,1.00,0.00,0.00,0.00,0.00,1.00,1.00,0.00,1.00,0.00,1.00,0.00,1.00,0.00,1.00,0.00
ID12692,0.45,0.46,0.67,1.00,0.00,1.00,0.00,0.00,0.00,1.00,0.00,1.00,0.00,0.00,1.00,0.00,1.00,0.00,1.00,0.00,1.00
ID12693,0.61,0.26,0.00,0.00,1.00,0.00,0.00,0.00,1.00,0.00,1.00,1.00,0.00,0.00,1.00,0.00,1.00,1.00,0.00,1.00,0.00
ID12694,0.96,0.80,0.67,0.00,1.00,0.00,0.00,1.00,0.00,0.00,1.00,1.00,0.00,0.00,1.00,0.00,1.00,1.00,0.00,0.00,1.00
ID12695,0.84,0.45,1.00,1.00,0.00,0.00,1.00,0.00,0.00,0.00,1.00,0.00,1.00,0.00,1.00,0.00,1.00,0.00,1.00,1.00,0.00
ID12696,0.88,0.72,0.67,1.00,0.00,1.00,0.00,0.00,0.00,1.00,0.00,0.00,1.00,0.00,1.00,0.00,1.00,0.00,1.00,1.00,0.00
ID12697,0.24,0.08,0.00,1.00,0.00,1.00,0.00,0.00,0.00,0.00,1.00,0.00,1.00,0.00,1.00,0.00,1.00,1.00,0.00,1.00,0.00
ID12698,0.27,0.19,0.00,1.00,0.00,0.00,0.00,0.00,1.00,0.00,1.00,0.00,1.00,0.00,1.00,1.00,0.00,1.00,0.00,0.00,1.00
ID12699,0.22,0.17,0.00,0.00,1.00,1.00,0.00,0.00,0.00,0.00,1.00,1.00,0.00,0.00,1.00,1.00,0.00,0.00,1.00,1.00,0.00
ID12700,0.41,0.37,0.00,0.00,1.00,0.00,0.00,0.00,1.00,1.00,0.00,0.00,1.00,1.00,0.00,0.00,1.00,0.00,1.00,0.00,1.00
